District name,Primary role,Name,First name,Last name,Gender,Party name,Email,Office type,Phone,Fax,Office type,Address,Phone,,formatted_address,,latitude,longitude,coordinates,google_place_id,type,postcode,input_string,number_of_results,status,distance from Quebec Prov Parli.
Abitibi-Est,MNA,Pierre Dufour,Pierre,Dufour,,Coalition avenir Québec,Pierre.Dufour.ABES@assnat.qc.ca,legislature,1 418 643-7295,,constituency,"888, 3e Avenue Bureau 202 Val-d'Or (Quebec) J9P 5E6",1 819 824-3333,0,"Place du Québec, 888 3e Avenue Bureau 202, Val-d'Or, QC J9P 1T1, Canada",,48.1035096,-77.7892854,"48.1035096,-77.7892854",EkhQbGFjZSBkdSBRdcOpYmVjLCA4ODggM2UgQXZlbnVlIEJ1cmVhdSAyMDIsIFZhbC1kJ09yLCBRQyBKOVAgMVQxLCBDYW5hZGEiJhokChYKFAoSCUXKxwcGU99MEW045mFdB3fsEgpCdXJlYXUgMjAy,subpremise,J9P 1T1,"888, 3e Avenue Bureau 202 Val-d'Or (Quebec) J9P 5E6",1,OK,1106.907
Abitibi-Ouest,MNA,Suzanne Blais,Suzanne,Blais,,Coalition avenir Québec,Suzanne.Blais.ABOU@assnat.qc.ca,legislature,1 581 628-1857,,constituency,"259, 1re Avenue Ouest Amos (Quebec) J9T 1V1",1 819 444-5007,1,"259 1re Ave O, Amos, QC J9T 1V1, Canada",,48.5716687,-78.1210475,"48.5716687,-78.1210475",ChIJcyKit42SIE0RHgdtBT4K2VQ,street_address,J9T 1V1,"259, 1re Avenue Ouest Amos (Quebec) J9T 1V1",1,OK,1176.272
Acadie,MNA,Christine St-Pierre,Christine,St-Pierre,,Parti libéral du Québec,Christine.St-Pierre.ACAD@assnat.qc.ca,legislature,1 581 628-1773,,constituency,"1600, boulevard Henri-Bourassa Ouest Bureau 540 Montréal (Quebec) H3M 3E2",1 514 337-4278,2,"1600 Boul Henri-Bourassa O Bureau 540, Montréal, QC H3M 3E2, Canada",,45.5365345,-73.6786555,"45.53653449999999,-73.67865549999999",EkQxNjAwIEJvdWwgSGVucmktQm91cmFzc2EgTyBCdXJlYXUgNTQwLCBNb250csOpYWwsIFFDIEgzTSAzRTIsIENhbmFkYSImGiQKFgoUChIJzYtqrYgYyUwRqp5l_raYQG0SCkJ1cmVhdSA1NDA,subpremise,H3M 3E2,"1600, boulevard Henri-Bourassa Ouest Bureau 540 Montréal (Quebec) H3M 3E2",1,OK,599.013
Anjou-Louis-Riel,MNA,Lise Thériault,Lise,Thériault,,Parti libéral du Québec,ltheriault-anjo@assnat.qc.ca,legislature,1 581 628-1775,,constituency,"7077, rue Beaubien Est Bureau 205 Anjou (Quebec) H1M 2Y2",1 514 493-9630,3,"7077 Rue Beaubien E Bureau 205, Montréal, QC H1M 3C8, Canada",,45.5937616,-73.5576985,"45.5937616,-73.5576985",EjU3MDc3IFJ1ZSBCZWF1YmllbiBFIEJ1cmVhdSAyMDUsIE1vbnRyw6lhbCwgUUMsIENhbmFkYSImGiQKFgoUChIJLzqzY34eyUwR5_m9RpbraBYSCkJ1cmVhdSAyMDU,subpremise,H1M 3C8,"7077, rue Beaubien Est Bureau 205 Anjou (Quebec) H1M 2Y2",1,OK,602.235
Argenteuil,MNA,Agnès Grondin,Agnès,Grondin,,Coalition avenir Québec,Agnes.Grondin.ARGE@assnat.qc.ca,legislature,1 418 528-6379,,constituency,"512, rue Principale Lachute (Quebec) J8H 1Y3",1 450 562-0785,4,"512 Rue Principale, Lachute, QC J8H 3X1, Canada",,45.6567435,-74.3345358,"45.6567435,-74.3345358",ChIJ64aoD9vbzkwRZyZucqpsbCY,street_address,J8H 3X1,"512, rue Principale Lachute (Quebec) J8H 1Y3",1,OK,662.98
Arthabaska,MNA,Éric Lefebvre,Éric,Lefebvre,,Coalition avenir Québec,Eric.Lefebvre.ARTH@assnat.qc.ca,legislature,1 418 643-6018,,constituency,"21, rue de la Gare Suite 201 Victoriaville (Quebec) G6P 3Z3",1 819 758-7440,5,"201-21 Rue de la Gare, Victoriaville, QC G6P 3Z5, Canada",,46.056404,-71.9582636,"46.056404,-71.9582636",EjgyMDEtMjEgUnVlIGRlIGxhIEdhcmUsIFZpY3RvcmlhdmlsbGUsIFFDIEc2UCAzWjUsIENhbmFkYSIfGh0KFgoUChIJQ-pJ1HoBuEwRl9g8AKsz_esSAzIwMQ,subpremise,G6P 3Z5,"21, rue de la Gare Suite 201 Victoriaville (Quebec) G6P 3Z3",1,OK,589.766
Beauce-Nord,MNA,Luc Provençal,Luc,Provençal,,Coalition avenir Québec,Luc.Provencal.BENO@assnat.qc.ca,legislature,1 418 643-5016,,constituency,"452, boulevard Vachon Nord Sainte-Marie (Quebec) G6E 1M1",1 418 387-2044,6,"452 Boulevard Vachon N, Sainte-Marie, QC G6E 1M1, Canada",,46.4449181,-71.025175,"46.4449181,-71.02517499999999",ChIJf-1N4YlWuEwRRExcPEJFTgI,street_address,G6E 1M1,"452, boulevard Vachon Nord Sainte-Marie (Quebec) G6E 1M1",1,OK,661.626
Beauce-Sud,MNA,Samuel Poulin,Samuel,Poulin,,Coalition avenir Québec,Samuel.Poulin.BESU@assnat.qc.ca,legislature,1 418 263-0645,,constituency,"1150, 107e Rue Bureau 204 Saint-Georges (Quebec) G5Y 8C3",1 418 226-4570,7,"1150 107e Rue Bureau 204, Saint-Georges, QC G5Y 8C3, Canada",,46.1309987,-70.6782302,"46.1309987,-70.6782302",EjsxMTUwIDEwN2UgUnVlIEJ1cmVhdSAyMDQsIFNhaW50LUdlb3JnZXMsIFFDIEc1WSA4QzMsIENhbmFkYSImGiQKFgoUChIJk49ORr-_uUwRG70Zj-MLIeMSCkJ1cmVhdSAyMDQ,subpremise,G5Y 8C3,"1150, 107e Rue Bureau 204 Saint-Georges (Quebec) G5Y 8C3",1,OK,611.816
Beauharnois,MNA,Claude Reid,Claude,Reid,,Coalition avenir Québec,Claude.Reid.BEAU@assnat.qc.ca,legislature,1 418 644-7844,,constituency,"157, rue Victoria Bureau 100 Salaberry-de-Valleyfield (Quebec) J6T 1A5",1 450 377-3131,8,"157 Rue Victoria Bureau 100, Salaberry-de-Valleyfield, QC J6T 1A5, Canada",,45.2564966,-74.1276888,"45.25649660000001,-74.1276888",EkkxNTcgUnVlIFZpY3RvcmlhIEJ1cmVhdSAxMDAsIFNhbGFiZXJyeS1kZS1WYWxsZXlmaWVsZCwgUUMgSjZUIDFBNSwgQ2FuYWRhIiYaJAoWChQKEgmfu2JiLk7JTBEkgA2196MdTBIKQnVyZWF1IDEwMA,subpremise,J6T 1A5,"157, rue Victoria Bureau 100 Salaberry-de-Valleyfield (Quebec) J6T 1A5",1,OK,593.95
Bellechasse,MNA,Stéphanie Lachance,Stéphanie,Lachance,,Coalition avenir Québec,Stephanie.Lachance.BELL@assnat.qc.ca,legislature,1 581 628-1781,,constituency,"250 A, route 279 Saint-Lazare-de-Bellechasse (Quebec) G0R 3J0",1 418 883-1343,9,"250a QC-279, Saint-Lazare-de-Bellechasse, QC G0R 3J0, Canada",,46.6562138,-70.8104188,"46.6562138,-70.8104188",ChIJzfZxRq7juEwR-_rRr5yGy0A,street_address,G0R 3J0,"250 A, route 279 Saint-Lazare-de-Bellechasse (Quebec) G0R 3J0",1,OK,761.964
Berthier,MNA,Caroline Proulx,Caroline,Proulx,,Coalition avenir Québec,Caroline.Proulx.BERH@assnat.qc.ca,legislature,1 418 528-8063,,constituency,"61, chemin de Lavaltrie Lavaltrie (Quebec) J5T 2H4",1 450 586-3171,10,"61 Chemin de Lavaltrie, Lavaltrie, QC J5T 2H4, Canada",,45.8916548,-73.2921974,"45.8916548,-73.29219739999999",ChIJuZrk60ftyEwR3pXGCS1Jd3k,premise,J5T 2H4,"61, chemin de Lavaltrie Lavaltrie (Quebec) J5T 2H4",1,OK,646.165
Bertrand,MNA,Nadine Girault,Nadine,Girault,,Coalition avenir Québec,Nadine.Girault.BERR@assnat.qc.ca,legislature,1 418 649-2319,,constituency,"197, rue Principale Est Bureau 101 Sainte-Agathe-des-Monts (Quebec) J8C 1K5",1 819 321-1676,11,"197 Rue Principale E Bureau 101, Sainte-Agathe-des-Monts, QC J8C, Canada",,46.0453656,-74.2791893,"46.0453656,-74.2791893",EkQxOTcgUnVlIFByaW5jaXBhbGUgRSBCdXJlYXUgMTAxLCBTYWludGUtQWdhdGhlLWRlcy1Nb250cywgUUMsIENhbmFkYSImGiQKFgoUChIJJ8qlUUsVz0wRyRfUQjO0saISCkJ1cmVhdSAxMDE,subpremise,J8C,"197, rue Principale Est Bureau 101 Sainte-Agathe-des-Monts (Quebec) J8C 1K5",1,OK,683.526
Blainville,MNA,Mario Laframboise,Mario,Laframboise,,Coalition avenir Québec,Mario.Laframboise.BLAI@assnat.qc.ca,legislature,1 418 263-0613,,constituency,"369, boulevard Adolphe-Chapleau Bureau 211 Bois-des-Filion (Quebec) J6Z 1H1",1 450 430-8086,12,"369 Boulevard Adolphe-Chapleau Bureau 211, Bois-des-Filion, QC J6Z 1H1, Canada",,45.6703591,-73.7551262,"45.6703591,-73.75512619999999",Ek4zNjkgQm91bGV2YXJkIEFkb2xwaGUtQ2hhcGxlYXUgQnVyZWF1IDIxMSwgQm9pcy1kZXMtRmlsaW9uLCBRQyBKNlogMUgxLCBDYW5hZGEiJhokChYKFAoSCfdcljaX2MhMEbBt0KSJPXgGEgpCdXJlYXUgMjEx,subpremise,J6Z 1H1,"369, boulevard Adolphe-Chapleau Bureau 211 Bois-des-Filion (Quebec) J6Z 1H1",1,OK,625.344
Bonaventure,MNA,Sylvain Roy,Sylvain,Roy,,Parti québécois,Sylvain.Roy.BONA@assnat.qc.ca,legislature,1 418 263-0359,,constituency,"314E, boulevard Perron Carleton (Quebec) G0C 1J0",1 418 364-6153,13,"314 Boulevard Perron, Maria, QC G0C 1Y0, Canada",,48.1131725,-66.150272,"48.1131725,-66.150272",ChIJh-1XdnY1mEwRM-_v4nPQcwY,street_address,G0C 1Y0,"314E, boulevard Perron Carleton (Quebec) G0C 1J0",1,OK,1025.666
Borduas,MNA,Simon Jolin-Barrette,Simon,Jolin-Barrette,,Coalition avenir Québec,sjb.BORD@assnat.qc.ca,legislature,1 418 643-3804,,constituency,"888, rue Laurier Beloeil (Quebec) J3G 4K7",1 450 464-5505,14,"888 Rue Laurier, Beloeil, QC J3G 4K7, Canada",,45.5691811,-73.2013329,"45.56918109999999,-73.2013329",ChIJAVZ8ONCqyUwRDM2LtV0C2zw,street_address,J3G 4K7,"888, rue Laurier Beloeil (Quebec) J3G 4K7",1,OK,590.542
Bourassa-Sauvé,MNA,Paule Robitaille,Paule,Robitaille,,Parti libéral du Québec,Paule.Robitaille.BOSA@assnat.qc.ca,legislature,1 581 628-1182,,constituency,"5879, boulevard Henri-Bourassa Est Bureau 305 Montréal-Nord (Quebec) H1G 2V1",1 514 328-6006,15,"5879 Boul Henri-Bourassa E Suite 305, Montréal-Nord, QC H1G 2V1, Canada",,45.6074096,-73.6193096,"45.6074096,-73.6193096",ChIJSzUMmaMfyUwR-JKMYsFDUG4,subpremise,H1G 2V1,"5879, boulevard Henri-Bourassa Est Bureau 305 Montréal-Nord (Quebec) H1G 2V1",1,OK,605.769
Bourget,MNA,Richard Campeau,Richard,Campeau,,Coalition avenir Québec,Richard.Campeau.BOUR@assnat.qc.ca,legislature,1 418 263-0691,,constituency,"6070, rue Sherbrooke Est 1er étage, Bureau 105 Montréal (Quebec) H1N 1C1",1 514 251-8126,16,"6070 Rue Sherbrooke E 1er étage, Bureau 105, Montréal, QC H1N 1C1, Canada",,45.5778294,-73.5454353,"45.5778294,-73.54543530000001",Eks2MDcwIFJ1ZSBTaGVyYnJvb2tlIEUgMWVyIMOpdGFnZSwgQnVyZWF1IDEwNSwgTW9udHLDqWFsLCBRQyBIMU4gMUMxLCBDYW5hZGEiMhowChYKFAoSCbMDVuM6HMlMEX5pOy1b1Z-DEhYxZXIgw6l0YWdlLCBCdXJlYXUgMTA1,subpremise,H1N 1C1,"6070, rue Sherbrooke Est 1er étage, Bureau 105 Montréal (Quebec) H1N 1C1",1,OK,601.253
Brome-Missisquoi,MNA,Isabelle Charest,Isabelle,Charest,,Coalition avenir Québec,Isabelle.Charest.BRMI@assnat.qc.ca,legislature,1 418 266-3255,,constituency,170 rue de Sherbrooke Bureau 205 Cowansville (Quebec) J2K 3Y9,1 450 266-7410,17,"170 Rue de Sherbrooke Bureau 205, Cowansville, QC J2K 3J1, Canada",,45.1938281,-72.7598954,"45.1938281,-72.75989539999999",EkExNzAgUnVlIGRlIFNoZXJicm9va2UgQnVyZWF1IDIwNSwgQ293YW5zdmlsbGUsIFFDIEoySyAzSjEsIENhbmFkYSImGiQKFgoUChIJxS4IE3vnyUwRU3uBDk3DRsYSCkJ1cmVhdSAyMDU,subpremise,J2K 3J1,170 rue de Sherbrooke Bureau 205 Cowansville (Quebec) J2K 3Y9,1,OK,505.595
Chambly,MNA,Jean-François Roberge,Jean-François,Roberge,,Coalition avenir Québec,Jean-Francois.Roberge.CHMB@assnat.qc.ca,legislature,1 418 644-0664,,constituency,"2028, avenue Bourgogne Chambly (Quebec) J3L 1Z6",1 450 658-5452,18,"2028 Avenue Bourgogne, Chambly, QC J3L 1Z6, Canada",,45.4477133,-73.2727499,"45.4477133,-73.2727499",ChIJkUFfh2aoyUwRgwft2L-faOE,street_address,J3L 1Z6,"2028, avenue Bourgogne Chambly (Quebec) J3L 1Z6",1,OK,567.385
Champlain,MNA,Sonia LeBel,Sonia,LeBel,,Coalition avenir Québec,Sonia.LeBel.CHMP@assnat.qc.ca,legislature,1 418 643-5926,,constituency,580 rue Barkoff Bureau 210 Trois-Rivières (Quebec) G8T 9T7,1 819 694-4600,19,"580 Rue Barkoff Bureau 210, Trois-Rivières, QC G8W 2P6, Canada",,46.3775928,-72.5518451,"46.3775928,-72.5518451",Ejc1ODAgUnVlIEJhcmtvZmYgQnVyZWF1IDIxMCwgVHJvaXMtUml2acOocmVzLCBRQywgQ2FuYWRhIiYaJAoWChQKEgklzHW-isjHTBGJMfuYb90SjxIKQnVyZWF1IDIxMA,subpremise,G8W 2P6,580 rue Barkoff Bureau 210 Trois-Rivières (Quebec) G8T 9T7,1,OK,648.003
Chapleau,MNA,Mathieu Lévesque,Mathieu,Lévesque,,Coalition avenir Québec,Mathieu.Levesque.CHAP@assnat.qc.ca,legislature,1 418 528-0390,,constituency,"195, boulevard Gréber Bureau 206 Gatineau (Quebec) J8T 3R1",1 819 246-4558,20,"195 Boulevard Gréber Bureau 206, Gatineau, QC J8T 3R1, Canada",,45.4727711,-75.7007746,"45.4727711,-75.7007746",Ej4xOTUgQm91bGV2YXJkIEdyw6liZXIgQnVyZWF1IDIwNiwgR2F0aW5lYXUsIFFDIEo4VCAzUjEsIENhbmFkYSImGiQKFgoUChIJMRCjQkYbzkwRx0H9x3onDOYSCkJ1cmVhdSAyMDY,subpremise,J8T 3R1,"195, boulevard Gréber Bureau 206 Gatineau (Quebec) J8T 3R1",1,OK,707.695
Charlesbourg,MNA,Jonatan Julien,Jonatan,Julien,,Coalition avenir Québec,Jonatan.Julien.CHLB@assnat.qc.ca,legislature,1 418 643-7295,,constituency,"Carrefour Charlesbourg 8500, boulevard Henri-Bourassa Bureau 213 Québec (Quebec) G1G 5X1",1 418 644-9240,21,"8500 Boulevard Henri-Bourassa, Québec, QC G1G 5X1, Canada",,46.8651096,-71.2703579,"46.8651096,-71.2703579",ChIJC-GjGGKWuEwRDSnu0_KZOv0,"establishment,point_of_interest,shopping_mall",G1G 5X1,"Carrefour Charlesbourg 8500, boulevard Henri-Bourassa Bureau 213 Québec (Quebec) G1G 5X1",1,OK,734.882
Charlevoix-Côte-de-Beaupré,MNA,Émilie Foster,Émilie,Foster,,Coalition avenir Québec,Emilie.Foster.CHCB@assnat.qc.ca,legislature,1 418 263-0701,,constituency,"10989, boulevard Sainte-Anne Suite 101 Beaupré (Quebec) G0A 1E0",1 418 827-5115,22,"101-10989 Boulevard Sainte-Anne, Beaupré, QC G0A 1E0, Canada",,47.0417598,-70.8977719,"47.0417598,-70.8977719",Ej0xMDEtMTA5ODkgQm91bGV2YXJkIFNhaW50ZS1Bbm5lLCBCZWF1cHLDqSwgUUMgRzBBIDFFMCwgQ2FuYWRhIh8aHQoWChQKEgmxXFLROcq4TBEbjH1IQ7so2hIDMTAx,subpremise,G0A 1E0,"10989, boulevard Sainte-Anne Suite 101 Beaupré (Quebec) G0A 1E0",1,OK,768.902
Chauveau,MNA,Sylvain Lévesque,Sylvain,Lévesque,,Coalition avenir Québec,Sylvain.Levesque.CHAU@assnat.qc.ca,legislature,1 581 628-1796,,constituency,"2e étage 1680, avenue Lapierre Bureau 201 Québec (Quebec) G3E 0G1",1 418 842-3330,23,"1680 Avenue Lapierre 2e étage, Québec, QC G3E 1K9, Canada",,46.8704665,-71.3377348,"46.8704665,-71.33773479999999",EjsxNjgwIEF2ZW51ZSBMYXBpZXJyZSAyZSDDqXRhZ2UsIFF1w6liZWMsIFFDIEczRSAxSzksIENhbmFkYSIlGiMKFgoUChIJqbrFs4-iuEwRbvUrJjlOpbcSCTJlIMOpdGFnZQ,subpremise,G3E 1K9,"2e étage 1680, avenue Lapierre Bureau 201 Québec (Quebec) G3E 0G1",2,OK,733.948
Chicoutimi,MNA,Andrée Laforest,Andrée,Laforest,,Coalition avenir Québec,Andree.Laforest.CHIC@assnat.qc.ca,legislature,1 418 691-2050,,constituency,"110, boulevard Barrette Chicoutimi (Quebec) G7H 7W8",1 418 543-7797,24,"110 Boulevard Barrette, Chicoutimi, QC G7H 7W8, Canada",,48.3938375,-71.0730197,"48.3938375,-71.0730197",ChIJ1RIpxi0hwEwRI5LETtwWYFs,premise,G7H 7W8,"110, boulevard Barrette Chicoutimi (Quebec) G7H 7W8",1,OK,929.855
Chomedey,MNA,Guy Ouellette,Guy,Ouellette,,Indépendant,Guy.Ouellette.CHOM@assnat.qc.ca,legislature,1 418 644-4050,,constituency,"4599, boulevard Samson Bureau 201 Laval (Quebec) H7W 2H2",1 450 686-0166,25,"4599 Boulevard Samson Bureau 201, Laval, QC H7W 2H2, Canada",,45.5293024,-73.7575409,"45.5293024,-73.7575409",Ejs0NTk5IEJvdWxldmFyZCBTYW1zb24gQnVyZWF1IDIwMSwgTGF2YWwsIFFDIEg3VyAySDIsIENhbmFkYSImGiQKFgoUChIJ-TksBxwjyUwR9ja7x4FSrIUSCkJ1cmVhdSAyMDE,subpremise,H7W 2H2,"4599, boulevard Samson Bureau 201 Laval (Quebec) H7W 2H2",1,OK,606.243
Chutes-de-la-Chaudière,MNA,Marc Picard,Marc,Picard,,Coalition avenir Québec,Marc.Picard.CDLC@assnat.qc.ca,legislature,1 418 643-2750,,constituency,"730, avenue Taniata Bureau 230 Lévis (Quebec) G6Z 2C5",1 418 834-0015,26,"730 Avenue Taniata Bureau 230, Saint-Jean-Chrysostome, QC G6Z 2C5, Canada",,46.7344657,-71.2109039,"46.7344657,-71.21090389999999",Ekk3MzAgQXZlbnVlIFRhbmlhdGEgQnVyZWF1IDIzMCwgU2FpbnQtSmVhbi1DaHJ5c29zdG9tZSwgUUMgRzZaIDJDNSwgQ2FuYWRhIiYaJAoWChQKEgn36eR4oJO4TBGLJUg8NEbGLhIKQnVyZWF1IDIzMA,subpremise,G6Z 2C5,"730, avenue Taniata Bureau 230 Lévis (Quebec) G6Z 2C5",1,OK,719.235
Châteauguay,MNA,MarieChantal Chassé,MarieChantal,Chassé,,Coalition avenir Québec,MarieChantal.Chasse.CHAT@assnat.qc.ca,legislature,1 418 266-1101 x72105,,constituency,"233, boulevard Saint-Jean-Baptiste Bureau 98 Châteauguay (Quebec) J6K 3C3",1 450 699-4136,27,"233 Boulevard Saint-Jean-Baptiste Bureau 98, Châteauguay, QC J6K 3C3, Canada",,45.3486317,-73.7224737,"45.3486317,-73.7224737",Ek0yMzMgQm91bGV2YXJkIFNhaW50LUplYW4tQmFwdGlzdGUgQnVyZWF1IDk4LCBDaMOidGVhdWd1YXksIFFDIEo2SyAzQzMsIENhbmFkYSIlGiMKFgoUChIJZaG59LUUyUwRRmOIFwrJqhYSCUJ1cmVhdSA5OA,subpremise,J6K 3C3,"233, boulevard Saint-Jean-Baptiste Bureau 98 Châteauguay (Quebec) J6K 3C3",1,OK,595.532
Côte-du-Sud,MNA,Marie-Eve Proulx,Marie-Eve,Proulx,,Coalition avenir Québec,Marie-Eve.Proulx.CDS@assnat.qc.ca,legislature,1 418 691-5650,,constituency,"Édifice Amable-Bélanger 6, rue Saint-Jean-Baptiste Est Bureau 206 Montmagny (Quebec) G5V 1J7",1 418 234-1893,28,"6 Rue Saint Jean Baptiste E bureau 206, Montmagny, QC G5V 1J7, Canada",,46.9790172,-70.5623222,"46.9790172,-70.56232220000001",ChIJb0B6BM_VuEwRUZqz4SwytKU,subpremise,G5V 1J7,"Édifice Amable-Bélanger 6, rue Saint-Jean-Baptiste Est Bureau 206 Montmagny (Quebec) G5V 1J7",1,OK,778.56
D'Arcy-McGee,MNA,David Birnbaum,David,Birnbaum,,Parti libéral du Québec,David.Birnbaum.DMG@assnat.qc.ca,legislature,1 418 528-1960,,constituency,"5800, boulevard Cavendish Bureau 403 Côte-Saint-Luc (Quebec) H4W 2T5",1 514 488-7028,29,"5800 Boul Cavendish Bureau 403, Côte Saint-Luc, QC H4W 2T5, Canada",,45.4758369,-73.6662946,"45.4758369,-73.6662946",EkM1ODAwIEJvdWwgQ2F2ZW5kaXNoIEJ1cmVhdSA0MDMsIEPDtHRlIFNhaW50LUx1YywgUUMgSDRXIDJUNSwgQ2FuYWRhIiYaJAoWChQKEgnfN0QzchfJTBFBiz--kqBcWxIKQnVyZWF1IDQwMw,subpremise,H4W 2T5,"5800, boulevard Cavendish Bureau 403 Côte-Saint-Luc (Quebec) H4W 2T5",1,OK,593.455
Deux-Montagnes,MNA,Benoit Charette,Benoit,Charette,,Coalition avenir Québec,Benoit.Charette.DEMO@assnat.qc.ca,legislature,1 418 521-3911,,constituency,"477, 25e Avenue Bureau 230 Saint-Eustache (Quebec) J7P 4Y1",1 450 623-4963,30,"477 25e Av Bureau 230, Saint-Eustache, QC J7P 5G1, Canada",,45.5789444,-73.8775787,"45.5789444,-73.8775787",Ejk0NzcgMjVlIEF2IEJ1cmVhdSAyMzAsIFNhaW50LUV1c3RhY2hlLCBRQyBKN1AgNUcxLCBDYW5hZGEiJhokChYKFAoSCfOjBZN9L8lMEZQk_aTj-W_vEgpCdXJlYXUgMjMw,subpremise,J7P 5G1,"477, 25e Avenue Bureau 230 Saint-Eustache (Quebec) J7P 4Y1",1,OK,618.814
Drummond-Bois-Francs,MNA,Sébastien Schneeberger,Sébastien,Schneeberger,,Coalition avenir Québec,Sebastien.Schneeberger.DRUM@assnat.qc.ca,legislature,1 418 644-1052,,constituency,"228, rue Heriot Bureau 203 Drummondville (Quebec) J2C 1K1",1 819 475-4343,31,"228 Rue Hériot Bureau 203, Drummondville, QC J2C 1K1, Canada",,45.8851967,-72.4881816,"45.88519669999999,-72.48818159999999",Ej0yMjggUnVlIEjDqXJpb3QgQnVyZWF1IDIwMywgRHJ1bW1vbmR2aWxsZSwgUUMgSjJDIDFLMSwgQ2FuYWRhIiYaJAoWChQKEgk54YHzbxHITBESB84ye3Q9mRIKQnVyZWF1IDIwMw,subpremise,J2C 1K1,"228, rue Heriot Bureau 203 Drummondville (Quebec) J2C 1K1",1,OK,573.132
Dubuc,MNA,François Tremblay,François,Tremblay,,Coalition avenir Québec,Francois.Tremblay.DUBU@assnat.qc.ca,legislature,1 418 263-0615,,constituency,"439, rue Albert Saguenay (Quebec) G7B 3L5",1 418 544-8106,32,"439 Rue Albert, La Baie, QC G7B 3L5, Canada",,48.3394957,-70.8812794,"48.3394957,-70.8812794",ChIJb5csD6YewEwR5v5dq6jBn14,street_address,G7B 3L5,"439, rue Albert Saguenay (Quebec) G7B 3L5",1,OK,945.767
Duplessis,MNA,Lorraine Richard,Lorraine,Richard,,Parti québécois,Lorraine.Richard.DUPL@assnat.qc.ca,legislature,1 418 643-2446,,constituency,"421, avenue Arnaud Bureau 202 Sept-Îles (Quebec) G4R 3B3",1 418 968-5044,33,"421 Avenue Arnaud Bureau 202, Sept-Îles, QC G4R 3B3, Canada",,50.2043941,-66.3868152,"50.20439409999999,-66.3868152",Ejw0MjEgQXZlbnVlIEFybmF1ZCBCdXJlYXUgMjAyLCBTZXB0LcOObGVzLCBRQyBHNFIgM0IzLCBDYW5hZGEiJhokChYKFAoSCWuVxxJH3pFMEYeywGguJfztEgpCdXJlYXUgMjAy,subpremise,G4R 3B3,"421, avenue Arnaud Bureau 202 Sept-Îles (Quebec) G4R 3B3",1,OK,1373.26
Fabre,MNA,Monique Sauvé,Monique,Sauvé,,Parti libéral du Québec,Monique.Sauve.FABR@assnat.qc.ca,legislature,1 418 263-0554,,constituency,"538, rue Principale Laval (Quebec) H7X 1C8",1 450 689-5516,34,"538 Rue Principale, Laval, QC H7X 1C8, Canada",,45.5303042,-73.8162411,"45.5303042,-73.8162411",ChIJKcQ60aIkyUwRAZjkNGSoVmo,street_address,H7X 1C8,"538, rue Principale Laval (Quebec) H7X 1C8",1,OK,610.126
Gaspé,MNA,Méganne Perry Mélançon,Méganne Perry,Mélançon,,Parti québécois,Meganne.PerryMelancon.GASP@assnat.qc.ca,legislature,1 418 263-0699,,constituency,"11, rue de la Cathédrale Bureau 102 Gaspé (Quebec) G4X 2V9",1 418 368-5827,35,"11 Rue de la Cathedrale Bureau 102, Gaspé, QC G4X 2V9, Canada",,48.8290903,-64.4870387,"48.8290903,-64.4870387",Ej4xMSBSdWUgZGUgbGEgQ2F0aGVkcmFsZSBCdXJlYXUgMTAyLCBHYXNww6ksIFFDIEc0WCAyVjksIENhbmFkYSImGiQKFgoUChIJzyOMhiK_m0wRazCOimyNtlcSCkJ1cmVhdSAxMDI,subpremise,G4X 2V9,"11, rue de la Cathédrale Bureau 102 Gaspé (Quebec) G4X 2V9",1,OK,1277.857
Gatineau,MNA,Robert Bussière,Robert,Bussière,,Coalition avenir Québec,Robert.Bussiere.GATI@assnat.qc.ca,legislature,1 581 628-1802,,constituency,"490, Route 105 Bureau 250 Chelsea (Quebec) J9B 1L2",1 819 827-3868,36,"490 Route 105 Bureau 250, Chelsea, QC J9B 1L2, Canada",,45.5055393,-75.7838447,"45.5055393,-75.7838447",EjU0OTAgUm91dGUgMTA1IEJ1cmVhdSAyNTAsIENoZWxzZWEsIFFDIEo5QiAxTDIsIENhbmFkYSImGiQKFgoUChIJ7xAaYHMdzkwRVqmT0yyca0kSCkJ1cmVhdSAyNTA,subpremise,J9B 1L2,"490, Route 105 Bureau 250 Chelsea (Quebec) J9B 1L2",1,OK,715.427
Gouin,MNA,Gabriel Nadeau-Dubois,Gabriel,Nadeau-Dubois,,Québec solidaire,Gabriel.Nadeau-Dubois.GOUI@assnat.qc.ca,legislature,1 418 644-1467,,constituency,"1453, rue Beaubien Est Bureau 201 Montréal (Quebec) H2G 3C6",1 514 864-6133,37,"1453 Rue Beaubien E Bureau 201, Montréal, QC H2G 3C6, Canada",,45.5417251,-73.5983566,"45.5417251,-73.5983566",Ej0xNDUzIFJ1ZSBCZWF1YmllbiBFIEJ1cmVhdSAyMDEsIE1vbnRyw6lhbCwgUUMgSDJHIDNDNiwgQ2FuYWRhIiYaJAoWChQKEgkdckPiQhnJTBEZuMia8IXIJBIKQnVyZWF1IDIwMQ,subpremise,H2G 3C6,"1453, rue Beaubien Est Bureau 201 Montréal (Quebec) H2G 3C6",1,OK,593.993
Granby,MNA,François Bonnardel,François,Bonnardel,,Coalition avenir Québec,Francois.Bonnardel.GRAN@assnat.qc.ca,legislature,1 418 643-6980,,constituency,"650, rue Principale Granby (Quebec) J2G 8L4",1 450 372-9152,38,"650 Rue Principale, Granby, QC J2G 8L4, Canada",,45.4082992,-72.7436537,"45.40829919999999,-72.7436537",ChIJkSYCsF_OyUwRkorVbXxlllw,premise,J2G 8L4,"650, rue Principale Granby (Quebec) J2G 8L4",1,OK,540.6
Groulx,MNA,Eric Girard,Eric,Girard,,Coalition avenir Québec,Eric.Girard.GROU@assnat.qc.ca,legislature,1 418 643-5270,,constituency,"204, boulevard du Curé-Labelle Bureau 210 Sainte-Thérèse (Quebec) J7E 2X7",1 450 430-7890,39,"204 Boulevard Curé-Labelle Bureau 210, Sainte-Thérèse, QC J7E 1V6, Canada",,45.6437349,-73.8340187,"45.6437349,-73.8340187",EkwyMDQgQm91bGV2YXJkIEN1csOpLUxhYmVsbGUgQnVyZWF1IDIxMCwgU2FpbnRlLVRow6lyw6hzZSwgUUMgSjdFIDFWNiwgQ2FuYWRhIiYaJAoWChQKEglr7n382ifJTBFBZyQgWDf-0xIKQnVyZWF1IDIxMA,subpremise,J7E 1V6,"204, boulevard du Curé-Labelle Bureau 210 Sainte-Thérèse (Quebec) J7E 2X7",1,OK,620.49
Hochelaga-Maisonneuve,MNA,Alexandre Leduc,Alexandre,Leduc,,Québec solidaire,Alexandre.Leduc.HOCH@assnat.qc.ca,legislature,1 581 814-1286,,constituency,"2030, boulevard Pie-IX Bureau 300 Montréal (Quebec) H1V 2C8",1 514 873-9309,40,"2030 Boulevard Pie-IX bureau 300, Montréal, QC H1V 2C8, Canada",,45.550358,-73.542698,"45.550358,-73.542698",ChIJVVVV4IkbyUwRXt2RgtoXXGw,subpremise,H1V 2C8,"2030, boulevard Pie-IX Bureau 300 Montréal (Quebec) H1V 2C8",1,OK,593.146
Hull,MNA,Maryse Gaudreault,Maryse,Gaudreault,,Parti libéral du Québec,Maryse.Gaudreault.HULL@assnat.qc.ca,legislature,1 418 644-1007,,constituency,"259, boulevard Saint-Joseph Bureau 207 Gatineau (Quebec) J8Y 6T1",1 819 772-3000,41,"259 Boulevard Saint-Joseph Bureau 207, Gatineau, QC J8Y 6T1, Canada",,45.4370828,-75.73338,"45.4370828,-75.73338",ChIJz5ceVpsEzkwRZwT1AIy1USg,subpremise,J8Y 6T1,"259, boulevard Saint-Joseph Bureau 207 Gatineau (Quebec) J8Y 6T1",1,OK,702.73
Huntingdon,MNA,Claire IsaBelle,Claire,IsaBelle,,Coalition avenir Québec,Claire.IsaBelle.HUNT@assnat.qc.ca,legislature,1 581 628-1806,,constituency,"263, boul. Saint-Joseph Sainte-Martine (Quebec) J0S 1V0",1 450 427-2150,42,"263 Rue Saint-Joseph, Sainte-Martine, QC J0S 1V0, Canada",,45.252911,-73.7973738,"45.252911,-73.7973738",ChIJ2xaU2g5pyUwRVYihDkxD0No,street_address,J0S 1V0,"263, boul. Saint-Joseph Sainte-Martine (Quebec) J0S 1V0",1,OK,585.134
Iberville,MNA,Claire Samson,Claire,Samson,,Coalition avenir Québec,Claire.Samson.IBER@assnat.qc.ca,legislature,1 418 644-1475,,constituency,"327, 2e Avenue Saint-Jean-sur-Richelieu (Quebec) J2X 2B5",1 450 346-1123,43,"327 2e Avenue, Saint-Jean-sur-Richelieu, QC J2X 2E4, Canada",,45.304128,-73.234758,"45.304128,-73.234758",ChIJtd-n1fuiyUwRrW_9d8AgebA,street_address,J2X 2E4,"327, 2e Avenue Saint-Jean-sur-Richelieu (Quebec) J2X 2B5",1,OK,545.738
Jacques-Cartier,MNA,Gregory Kelley,Gregory,Kelley,,Parti libéral du Québec,Gregory.Kelley.JACA@assnat.qc.ca,legislature,1 581 628-1809,,constituency,"Place Scotia 620, boulevard Saint-Jean Bureau 206 Pointe-Claire (Quebec) H9R 3K2",1 514 697-7663,44,"620 Boul Saint-Jean, Pointe-Claire, QC H9R 3K2, Canada",,45.4602373,-73.8232325,"45.4602373,-73.8232325",ChIJo6isVmk8yUwRoZFIUpqeoNQ,"bank,establishment,finance,point_of_interest",H9R 3K2,"Place Scotia 620, boulevard Saint-Jean Bureau 206 Pointe-Claire (Quebec) H9R 3K2",1,OK,608.385
Jean-Lesage,MNA,Sol Zanetti,Sol,Zanetti,,Québec solidaire,Sol.Zanetti.JELE@assnat.qc.ca,legislature,1 418 646-7635,,constituency,"1750, avenue De Vitré Bureau 303 Québec (Quebec) G1J 1Z6",1 418 648-6221,45,"1750 Avenue de Vitré Bureau 303, Québec, QC G1J 1Z6, Canada",,46.8370409,-71.2236001,"46.8370409,-71.22360010000001",EjUxNzUwIEF2ZW51ZSBkZSBWaXRyw6kgQnVyZWF1IDMwMywgUXXDqWJlYywgUUMsIENhbmFkYSImGiQKFgoUChIJAYUJUh6WuEwRgxX2nE5Su50SCkJ1cmVhdSAzMDM,subpremise,G1J 1Z6,"1750, avenue De Vitré Bureau 303 Québec (Quebec) G1J 1Z6",1,OK,734.674
Jean-Talon,MNA,Joëlle Boutin,Joëlle,Boutin,,Coalition avenir Québec,Joelle.Boutin.JETA@assnat.qc.ca,legislature,1 418 643-0223,,constituency,"969, route de l'Église Bureau 310 Québec (Quebec) G1V 3V4",1 418 682-8167,46,"969 Rte de l'Église Bureau 310, Québec, QC G1V 3V4, Canada",,46.7741045,-71.29825,"46.7741045,-71.29825",Ejw5NjkgUnRlIGRlIGwnw4lnbGlzZSBCdXJlYXUgMzEwLCBRdcOpYmVjLCBRQyBHMVYgM1Y0LCBDYW5hZGEiJhokChYKFAoSCUWVmJzVlrhMEW1xpruxrfhrEgpCdXJlYXUgMzEw,subpremise,G1V 3V4,"969, route de l'Église Bureau 310 Québec (Quebec) G1V 3V4",1,OK,719.486
Jeanne-Mance-Viger,MNA,Filomena Rotiroti,Filomena,Rotiroti,,Parti libéral du Québec,Filomena.Rotiroti.JMV@assnat.qc.ca,legislature,1 418 643-2301,,constituency,"5450, rue Jarry Est Bureau 100 Saint-Léonard (Quebec) H1P 1T9",1 514 326-0491,47,"5450 Rue Jarry E Bureau 100, Saint-Léonard, QC H1P 1T9, Canada",,45.5847617,-73.5904071,"45.5847617,-73.5904071",Ej81NDUwIFJ1ZSBKYXJyeSBFIEJ1cmVhdSAxMDAsIFNhaW50LUzDqW9uYXJkLCBRQyBIMVAgMVQ5LCBDYW5hZGEiJhokChYKFAoSCUsmwdDtHslMEbznlKyuIlbAEgpCdXJlYXUgMTAw,subpremise,H1P 1T9,"5450, rue Jarry Est Bureau 100 Saint-Léonard (Quebec) H1P 1T9",1,OK,603.81
Johnson,MNA,André Lamontagne,André,Lamontagne,,Coalition avenir Québec,Andre.Lamontagne.JOHN@assnat.qc.ca,legislature,1 418 380-2525,,constituency,"641, rue Saint-Pierre Drummondville (Quebec) J2C 3W6",1 819 474-7770,48,"641 Rue Saint-Pierre, Drummondville, QC J2C 3W6, Canada",,45.88153,-72.505353,"45.88153,-72.505353",ChIJzclCgt8TyEwRlVz6ZeDK4oI,street_address,J2C 3W6,"641, rue Saint-Pierre Drummondville (Quebec) J2C 3W6",1,OK,574.341
Joliette,MNA,Véronique Hivon,Véronique,Hivon,,Parti québécois,Veronique.Hivon.JOLI@assnat.qc.ca,legislature,1 418 263-0666,,constituency,"970, rue Saint-Louis Joliette (Quebec) J6E 3A4",1 450 752-6929,49,"970 Rue Saint-Louis, Joliette, QC J6E 3A4, Canada",,46.0211496,-73.4508978,"46.0211496,-73.45089779999999",ChIJaU81-si9yEwRXDJFbQ8Ao84,street_address,J6E 3A4,"970, rue Saint-Louis Joliette (Quebec) J6E 3A4",1,OK,659.548
Jonquière,MNA,Sylvain Gaudreault,Sylvain,Gaudreault,,Parti québécois,Sylvain.Gaudreault.JONQ@assnat.qc.ca,legislature,1 581 628-1853,,constituency,"2240, rue Montpetit RC Jonquière (Quebec) G7X 6A3",1 418 547-0666,50,"2240 Rue Montpetit, Jonquière, QC G7X 6A3, Canada",,48.4121669,-71.2527019,"48.4121669,-71.25270189999999",ChIJ--dU1iEpwEwR_uy0cW21DLc,street_address,G7X 6A3,"2240, rue Montpetit RC Jonquière (Quebec) G7X 6A3",1,OK,938.811
L'Assomption,MNA,François Legault,François,Legault,,Coalition avenir Québec,,legislature,1 418 643-5321,,constituency,"831, boulevard de l'Ange-Gardien Nord Bureau 208 L'Assomption (Quebec) J5W 1P5",1 450 589-0226,51,"831 Boulevard de l'Ange Gardien N Bureau 208, L'Assomption, QC J5W 1P5, Canada",,45.839002,-73.414469,"45.839002,-73.414469",ChIJDball1bpyEwR67oLhtmR91M,"establishment,local_government_office,point_of_interest",J5W 1P5,"831, boulevard de l'Ange-Gardien Nord Bureau 208 L'Assomption (Quebec) J5W 1P5",1,OK,632.096
La Peltrie,MNA,Éric Caire,Éric,Caire,,Coalition avenir Québec,Eric.Caire.LAPE@assnat.qc.ca,legislature,1 418 781-1737,,constituency,"5121, boulevard Chauveau Ouest Bureau 201 Québec (Quebec) G2E 5A6",1 418 877-5260,52,"5121 Boulevard Chauveau O Bureau 201, Québec, QC G2E 5A6, Canada",,46.8196053,-71.3669345,"46.8196053,-71.3669345",EkE1MTIxIEJvdWxldmFyZCBDaGF1dmVhdSBPIEJ1cmVhdSAyMDEsIFF1w6liZWMsIFFDIEcyRSA1QTYsIENhbmFkYSImGiQKFgoUChIJ9WP5RbKZuEwRwWmxkvHhqo8SCkJ1cmVhdSAyMDE,subpremise,G2E 5A6,"5121, boulevard Chauveau Ouest Bureau 201 Québec (Quebec) G2E 5A6",1,OK,727.434
La Pinière,MNA,Gaétan Barrette,Gaétan,Barrette,,Parti libéral du Québec,Gaetan.Barrette.LAPI@assnat.qc.ca,legislature,1 581 628-1813,,constituency,"6300, avenue Auteuil bureau 425 Brossard (Quebec) J4Z 3P2",1 450 678-0611,53,"6300 Avenue Auteuil bureau 425, Brossard, QC J4Z 3P2, Canada",,45.4675803,-73.4642572,"45.46758029999999,-73.46425719999999",Ejw2MzAwIEF2ZW51ZSBBdXRldWlsIGJ1cmVhdSA0MjUsIEJyb3NzYXJkLCBRQyBKNFogM1AyLCBDYW5hZGEiJhokChYKFAoSCV1RMhWCBclMEdunyVQm-RwgEgpidXJlYXUgNDI1,subpremise,J4Z 3P2,"6300, avenue Auteuil bureau 425 Brossard (Quebec) J4Z 3P2",1,OK,576.494
La Prairie,MNA,Christian Dubé,Christian,Dubé,,Coalition avenir Québec,Christian.Dube.LAPR@assnat.qc.ca,legislature,1 418 266-7171,,constituency,"26, boul. Taschereau Bureau 306 La Prairie (Quebec) J5R 0R9",1 450 619-7313,54,"26 Boulevard Taschereau Bureau 306, La Prairie, QC J5R 5G2, Canada",,45.4261092,-73.4831192,"45.42610920000001,-73.48311919999999",EjoyNiBCb3VsZXZhcmQgVGFzY2hlcmVhdSBCdXJlYXUgMzA2LCBMYSBQcmFpcmllLCBRQywgQ2FuYWRhIiYaJAoWChQKEgnhp7AEAg_JTBEwFkxsKF8hohIKQnVyZWF1IDMwNg,subpremise,J5R 5G2,"26, boul. Taschereau Bureau 306 La Prairie (Quebec) J5R 0R9",1,OK,586.328
LaFontaine,MNA,Marc Tanguay,Marc,Tanguay,,Parti libéral du Québec,marc.tanguay-lafo@assnat.qc.ca,legislature,1 418 528-7413,,constituency,"9094, boulevard Maurice-Duplessis Montréal (Quebec) H1E 7C2",1 514 648-1007,55,"9094 Boulevard Maurice-Duplessis, Montréal, QC H1E 7C2, Canada",,45.6438236,-73.5731246,"45.6438236,-73.5731246",ChIJKVqFCc3hyEwRAupBfRZH6LA,street_address,H1E 7C2,"9094, boulevard Maurice-Duplessis Montréal (Quebec) H1E 7C2",1,OK,607.666
Labelle,MNA,Chantale Jeannotte,Chantale,Jeannotte,,Coalition avenir Québec,Chantale.Jeannotte.LABE@assnat.qc.ca,legislature,1 418 528-1349,,constituency,"499, rue Charbonneau Bureau 202 Mont-Tremblant (Quebec) J8E 3H4",1 819 429-5038,56,"499 Rue Charbonneau Bureau 202, Mont-Tremblant, QC J8E 3H4, Canada",,46.1202899,-74.5943604,"46.1202899,-74.5943604",EkI0OTkgUnVlIENoYXJib25uZWF1IEJ1cmVhdSAyMDIsIE1vbnQtVHJlbWJsYW50LCBRQyBKOEUgM0g0LCBDYW5hZGEiJhokChYKFAoSCU-epecCdc9MEYOPxx4hXVEQEgpCdXJlYXUgMjAy,subpremise,J8E 3H4,"499, rue Charbonneau Bureau 202 Mont-Tremblant (Quebec) J8E 3H4",1,OK,713.031
Lac-Saint-Jean,MNA,Éric Girard,Éric,Girard,,Coalition avenir Québec,Eric.Girard.LSJ@assnat.qc.ca,legislature,1 418 263-0697,,constituency,"A-510, rue Sacré-Coeur Ouest Alma (Quebec) G8B 1L9",1 418 668-6149,57,"510 Rue Sacré-Coeur O, Alma, QC G8B 1M3, Canada",,48.5498871,-71.6498149,"48.5498871,-71.6498149",ChIJz_AAzC926kwRfmSw7llTaqY,street_address,G8B 1M3,"A-510, rue Sacré-Coeur Ouest Alma (Quebec) G8B 1L9",1,OK,952.409
Laporte,MNA,Nicole Ménard,Nicole,Ménard,,Parti libéral du Québec,Nicole.Menard.LAPO@assnat.qc.ca,constituency,1 450 672-1885,,,"228, rue de Woodstock Saint-Lambert (Quebec) J4P 3R5",,58,"228 Rue de Woodstock, Saint-Lambert, QC J4P 3R5, Canada",,45.4999647,-73.5095258,"45.4999647,-73.50952579999999",ChIJR-rDBdEayUwRzpzNAiozPmc,street_address,J4P 3R5,"228, rue de Woodstock Saint-Lambert (Quebec) J4P 3R5",1,OK,583.794
Laurier-Dorion,MNA,Andrés Fontecilla,Andrés,Fontecilla,,Québec solidaire,Andres.Fontecilla.LADO@assnat.qc.ca,legislature,1 418 644-5987,,constituency,"529, rue Jarry Est Bureau 401 Montréal (Quebec) H2P 1V4",1 514 273-1412,59,"529 Rue Jarry E, Montréal, QC H2P 1V4, Canada",,45.5435667,-73.6288418,"45.5435667,-73.6288418",ChIJz7rwVB8ZyUwR7Bs2rRZJ-wo,"doctor,establishment,health,point_of_interest",H2P 1V4,"529, rue Jarry Est Bureau 401 Montréal (Quebec) H2P 1V4",2,OK,600.503
Laval-des-Rapides,MNA,Saul Polo,Saul,Polo,,Parti libéral du Québec,Saul.Polo.LDR@assnat.qc.ca,legislature,1 418 263-0617,,constituency,"400, boulevard Saint-Martin Ouest Bureau 309 Laval (Quebec) H7M 3Y8",1 450 668-6077,60,"400 Boulevard Saint-Martin O Bureau 309, Laval, QC H7M 3Y8, Canada",,45.5769254,-73.7109564,"45.5769254,-73.7109564",EkI0MDAgQm91bGV2YXJkIFNhaW50LU1hcnRpbiBPIEJ1cmVhdSAzMDksIExhdmFsLCBRQyBIN00gM1k4LCBDYW5hZGEiJhokChYKFAoSCTkN28WHIclMEStUG-QicPxzEgpCdXJlYXUgMzA5,subpremise,H7M 3Y8,"400, boulevard Saint-Martin Ouest Bureau 309 Laval (Quebec) H7M 3Y8",1,OK,607.813
Laviolette-Saint-Maurice,MNA,Marie-Louise Tardif,Marie-Louise,Tardif,,Coalition avenir Québec,Marie-Louise.Tardif.LASM@assnat.qc.ca,legislature,1 581 628-1818,,constituency,"695, avenue de la Station Rez-de-chaussée Shawinigan (Quebec) G9N 1V9",1 819 539-7292,61,"695 Avenue de la Station, Shawinigan, QC G9N 1B3, Canada",,46.5417806,-72.7522946,"46.5417806,-72.7522946",ChIJX7kqbxxMxkwRjEYICzxHzB4,premise,G9N 1B3,"695, avenue de la Station Rez-de-chaussée Shawinigan (Quebec) G9N 1V9",1,OK,678.092
Les Plaines,MNA,Lucie Lecours,Lucie,Lecours,,Coalition avenir Québec,Lucie.Lecours.LPLA@assnat.qc.ca,legislature,1 581 628-1820,,constituency,"193, boulevard Sainte-Anne Sainte-Anne-des-Plaines (Quebec) J0N 1H0",1 450 838-7493,62,"193 Boulevard Ste Anne, Sainte-Anne-des-Plaines, QC J0N 1H0, Canada",,45.7620583,-73.812931,"45.7620583,-73.81293099999999",ChIJ-0apAMPQyEwRCPVf3aLQIwM,premise,J0N 1H0,"193, boulevard Sainte-Anne Sainte-Anne-des-Plaines (Quebec) J0N 1H0",1,OK,631.409
Lotbinière-Frontenac,MNA,Isabelle Lecours,Isabelle,Lecours,,Coalition avenir Québec,Isabelle.Lecours.LOFR@assnat.qc.ca,legislature,1 581 628-1822,,constituency,"257, rue Notre-Dame Ouest Thetford Mines (Quebec) G6G 1J7",1 418 332-3444,63,"257 Rue Notre-Dame Ouest, Thetford Mines, QC G6G 1J7, Canada",,46.0875958,-71.3039017,"46.0875958,-71.3039017",ChIJyb3eE60xuEwRlA9CbrYXtk4,premise,G6G 1J7,"257, rue Notre-Dame Ouest Thetford Mines (Quebec) G6G 1J7",1,OK,612.125
Louis-Hébert,MNA,Geneviève Guilbault,Geneviève,Guilbault,,Coalition avenir Québec,Genevieve.Guilbault.LOHE@assnat.qc.ca,legislature,1 418 643-2112,,constituency,"810, route Jean-Gauvin Bureau 202 Québec (Quebec) G1X 0B6",1 418 528-0483,64,"810 Route Jean-Gauvin Bureau 202, Québec, QC G2G 1P8, Canada",,46.7637288,-71.3701593,"46.7637288,-71.3701593",Ej04MTAgUm91dGUgSmVhbi1HYXV2aW4gQnVyZWF1IDIwMiwgUXXDqWJlYywgUUMgRzJHIDFQOCwgQ2FuYWRhIiYaJAoWChQKEgnhH5yVDZq4TBGb99G2s0BWXBIKQnVyZWF1IDIwMg,subpremise,G2G 1P8,"810, route Jean-Gauvin Bureau 202 Québec (Quebec) G1X 0B6",1,OK,726.165
Lévis,MNA,François Paradis,François,Paradis,,Coalition avenir Québec,Francois.Paradis.LEVI@assnat.qc.ca,legislature,1 418 643-2820,,constituency,"5955, rue Saint-Laurent Bureau 210 Lévis (Quebec) G6V 3P5",1 418 833-5550,65,"5955 Rue Saint-Laurent Bureau 210, Lévis, QC G6V 3P5, Canada",,46.8096318,-71.186869,"46.8096318,-71.186869",ChIJwc3Mc7-VuEwROaIkQOn_Ii0,subpremise,G6V 3P5,"5955, rue Saint-Laurent Bureau 210 Lévis (Quebec) G6V 3P5",1,OK,730.451
Marguerite-Bourgeoys,MNA,Hélène David,Hélène,David,,Parti libéral du Québec,Helene.David.MABO@assnat.qc.ca,legislature,1 581 628-1824,,constituency,"7655, boulevard Newman Bureau 311 LaSalle (Quebec) H8N 1X7",1 514 368-1818,66,"7655 Blvd. Newman Bureau 311, LaSalle, QC H8N 1X7, Canada",,45.4391621,-73.6233734,"45.4391621,-73.62337339999999",Ejk3NjU1IEJsdmQuIE5ld21hbiBCdXJlYXUgMzExLCBMYVNhbGxlLCBRQyBIOE4gMVg3LCBDYW5hZGEiJhokChYKFAoSCaNpAH8kEclMEVfxnwohIMdvEgpCdXJlYXUgMzEx,subpremise,H8N 1X7,"7655, boulevard Newman Bureau 311 LaSalle (Quebec) H8N 1X7",1,OK,592.401
Marie-Victorin,MNA,Catherine Fournier,Catherine,Fournier,,Indépendant,Catherine.Fournier.MAVI@assnat.qc.ca,legislature,1 581 628-1028,,,"Hôtel du Parlement 1045, rue des Parlementaires 3e étage, Bureau 3.86 Québec (Quebec) G1A 1A4",,67,"1045 Rue des Parlementaires, Québec, QC G1A 1A3, Canada",,46.808706,-71.2141788,"46.808706,-71.2141788",ChIJb7O4NtiVuEwROoa3BZWSsLA,"establishment,point_of_interest,tourist_attraction",G1A 1A3,"Hôtel du Parlement 1045, rue des Parlementaires 3e étage, Bureau 3.86 Québec (Quebec) G1A 1A4",1,OK,726.158
Marquette,MNA,Enrico Ciccone,Enrico,Ciccone,,Parti libéral du Québec,Enrico.Ciccone.MARQ@assnat.qc.ca,legislature,1 418 628-1852,,constituency,"655, 32e Avenue Bureau 202 Lachine (Quebec) H8T 3G6",1 514 634-9720,68,"655 32e Avenue Bureau 202, Lachine, QC H8T 3G6, Canada",,45.4408552,-73.6928324,"45.4408552,-73.6928324",EjY2NTUgMzJlIEF2ZW51ZSBCdXJlYXUgMjAyLCBMYWNoaW5lLCBRQyBIOFQgM0c2LCBDYW5hZGEiJhokChYKFAoSCalsFcj1FslMERcoxL33Ej4PEgpCdXJlYXUgMjAy,subpremise,H8T 3G6,"655, 32e Avenue Bureau 202 Lachine (Quebec) H8T 3G6",1,OK,596.375
Maskinongé,MNA,Simon Allaire,Simon,Allaire,,Coalition avenir Québec,Simon.Allaire.MASK@assnat.qc.ca,legislature,1 418 644-0617,,constituency,"429, boul. St-Laurent Est Louiseville (Quebec) J5V 1H5",1 819 228-9722,69,"429 Boulevard Saint Laurent E, Louiseville, QC J5V, Canada",,46.2568255,-72.9298892,"46.2568255,-72.92988919999999",EjY0MjkgQm91bGV2YXJkIFNhaW50IExhdXJlbnQgRSwgTG91aXNldmlsbGUsIFFDLCBDYW5hZGEiGxIZChQKEgkrFezgHizGTBHdgehXyaOwnhCtAw,street_address,J5V,"429, boul. St-Laurent Est Louiseville (Quebec) J5V 1H5",1,OK,670.464
Masson,MNA,Mathieu Lemay,Mathieu,Lemay,,Coalition avenir Québec,Mathieu.Lemay.MASS@assnat.qc.ca,legislature,1 418 643-5771,,constituency,"3101, chemin Sainte-Marie Bureau 108 Mascouche (Quebec) J7K 1P2",1 450 966-0111,70,"3101 Chemin Ste Marie Bureau 108, Mascouche, QC J7K 1P2, Canada",,45.743029,-73.597629,"45.743029,-73.597629",Ej8zMTAxIENoZW1pbiBTdGUgTWFyaWUgQnVyZWF1IDEwOCwgTWFzY291Y2hlLCBRQyBKN0sgMVAyLCBDYW5hZGEiJhokChYKFAoSCQXhrcCi3chMEZzKmcAcAG2bEgpCdXJlYXUgMTA4,subpremise,J7K 1P2,"3101, chemin Sainte-Marie Bureau 108 Mascouche (Quebec) J7K 1P2",1,OK,621.761
Matane-Matapédia,MNA,Pascal Bérubé,Pascal,Bérubé,,Parti québécois,Pascal.Berube.MATN@assnat.qc.ca,legislature,1 418 644-9318,,constituency,"121, avenue Fraser Matane (Quebec) G4W 3G8",1 418 562-0371,71,"121 Avenue Fraser, Matane, QC G4W 3G8, Canada",,48.8505839,-67.5388426,"48.8505839,-67.5388426",Ei0xMjEgQXZlbnVlIEZyYXNlciwgTWF0YW5lLCBRQyBHNFcgM0c4LCBDYW5hZGEiGhIYChQKEgntIMy2wsCWTBHU11x6gtW0TRB5,street_address,G4W 3G8,"121, avenue Fraser Matane (Quebec) G4W 3G8",1,OK,1113.04
Maurice-Richard,MNA,Marie Montpetit,Marie,Montpetit,,Parti libéral du Québec,Marie.Montpetit.MAUR@assnat.qc.ca,legislature,1 581 628-1828,,constituency,"1421, rue Fleury Est Montréal (Quebec) H2C 1R9",1 514 387-6314,72,"1421 Rue Fleury E, Montréal, QC H2C 1R9, Canada",,45.5614351,-73.6573811,"45.5614351,-73.6573811",ChIJB09GuLYYyUwRzOfKzrPAS3Y,street_address,H2C 1R9,"1421, rue Fleury Est Montréal (Quebec) H2C 1R9",1,OK,602.375
Mercier,MNA,Ruba Ghazal,Ruba,Ghazal,,Québec solidaire,Ruba.Ghazal.MERC@assnat.qc.ca,legislature,1 418 644-1430,,constituency,"1012, avenue du Mont-Royal Est Bureau 102 Montréal (Quebec) H2J 1X6",1 514 525-8877,73,"1012 Avenue du Mont-Royal E Bureau 102, Montréal, QC H2J 1X6, Canada",,45.5274405,-73.579291,"45.5274405,-73.579291",EkUxMDEyIEF2ZW51ZSBkdSBNb250LVJveWFsIEUgQnVyZWF1IDEwMiwgTW9udHLDqWFsLCBRQyBIMkogMVg2LCBDYW5hZGEiJhokChYKFAoSCdtw2JfaG8lMEQVnzVqoc1O1EgpCdXJlYXUgMTAy,subpremise,H2J 1X6,"1012, avenue du Mont-Royal Est Bureau 102 Montréal (Quebec) H2J 1X6",1,OK,592.377
Mille-Îles,MNA,Francine Charbonneau,Francine,Charbonneau,,Parti libéral du Québec,Francine.Charbonneau.MIIL@assnat.qc.ca,legislature,1 581 628-1830,,constituency,"3131, boulevard de la Concorde Est Bureau 303 Laval (Quebec) H7E 4W4",1 450 661-3595,74,"3131 Boulevard de la Concorde E bureau 303, Laval, QC H7E 4W4, Canada",,45.593546,-73.666968,"45.593546,-73.666968",ChIJkwXe-tshyUwRO6JhK9rPiSo,subpremise,H7E 4W4,"3131, boulevard de la Concorde Est Bureau 303 Laval (Quebec) H7E 4W4",1,OK,617.451
Mirabel,MNA,Sylvie D'Amours,Sylvie,D'Amours,,Coalition avenir Québec,Sylvie.DAmours.MIRA@assnat.qc.ca,constituency,1 450 623-8376,,,"95, chemin Principal, local 101 Saint-Joseph-du-Lac (Quebec) J0N 1M0",,75,"95 Chemin Principal local 101, Saint-Joseph-du-Lac, QC J0N 1M0, Canada",,45.5146116,-73.9792087,"45.51461159999999,-73.9792087",EkY5NSBDaGVtaW4gUHJpbmNpcGFsIGxvY2FsIDEwMSwgU2FpbnQtSm9zZXBoLWR1LUxhYywgUUMgSjBOIDFNMCwgQ2FuYWRhIiUaIwoWChQKEgmdGggqtDHJTBFBQbiX5iAyNhIJbG9jYWwgMTAx,subpremise,J0N 1M0,"95, chemin Principal, local 101 Saint-Joseph-du-Lac (Quebec) J0N 1M0",1,OK,631.956
Mont-Royal-Outremont,MNA,Pierre Arcand,Pierre,Arcand,,Parti libéral du Québec,Pierre.Arcand.MROU@assnat.qc.ca,legislature,1 418 263-0702,,constituency,"5151, rue de la Savane Bureau 201 Montréal (Quebec) H4P 1V1",1 514 341-1151,76,"5151 Rue de la Savane Bureau 201, Montréal, QC H4P 1V1, Canada",,45.499944,-73.657541,"45.499944,-73.657541",Ej81MTUxIFJ1ZSBkZSBsYSBTYXZhbmUgQnVyZWF1IDIwMSwgTW9udHLDqWFsLCBRQyBINFAgMVYxLCBDYW5hZGEiJhokChYKFAoSCdOxAoLNGclMETX5dZzYksRpEgpCdXJlYXUgMjAx,subpremise,H4P 1V1,"5151, rue de la Savane Bureau 201 Montréal (Quebec) H4P 1V1",1,OK,593.257
Montarville,MNA,Nathalie Roy,Nathalie,Roy,,Coalition avenir Québec,Nathalie.Roy.MOTA@assnat.qc.ca,legislature,1 418 380-2310,,constituency,"1570, rue Ampère Bureau 500 Boucherville (Quebec) J4B 7L4",1 450 641-2748,77,"1570 Rue Ampère Bureau 500, Boucherville, QC J4B 5Z5, Canada",,45.5721031,-73.414171,"45.5721031,-73.414171",Ej0xNTcwIFJ1ZSBBbXDDqHJlIEJ1cmVhdSA1MDAsIEJvdWNoZXJ2aWxsZSwgUUMgSjRCIDVaNSwgQ2FuYWRhIiYaJAoWChQKEgkrVY0F_QLJTBHrBGQYfDiyKhIKQnVyZWF1IDUwMA,subpremise,J4B 5Z5,"1570, rue Ampère Bureau 500 Boucherville (Quebec) J4B 7L4",1,OK,592.321
Montmorency,MNA,Jean-François Simard,Jean-François,Simard,,Coalition avenir Québec,Jean-Francois.Simard.MONT@assnat.qc.ca,legislature,1 418 644-9600,,constituency,"2400, boulevard Louis-XIV Bureau 203 Québec (Quebec) G1C 5Y8",1 418 660-6870,78,"2400 Boulevard Louis-XIV Bureau 203, Québec, QC G1C 5Y8, Canada",,46.8939763,-71.2089709,"46.8939763,-71.2089709",EkAyNDAwIEJvdWxldmFyZCBMb3Vpcy1YSVYgQnVyZWF1IDIwMywgUXXDqWJlYywgUUMgRzFDIDVZOCwgQ2FuYWRhIiYaJAoWChQKEglP_jE1XLy4TBEWUJYqmVi6UhIKQnVyZWF1IDIwMw,subpremise,G1C 5Y8,"2400, boulevard Louis-XIV Bureau 203 Québec (Quebec) G1C 5Y8",1,OK,740.001
Mégantic,MNA,François Jacques,François,Jacques,,Coalition avenir Québec,Francois.Jacques.MEGA@assnat.qc.ca,legislature,1 418 644-0711,,constituency,"5600, rue Frontenac Bureau 201 Lac-Mégantic (Quebec) G6B 1H5",1 819 583-4500,79,"5600 Rue Frontenac Bureau 201, Lac-Mégantic, QC G6B 1H5, Canada",,45.5737983,-70.8810078,"45.5737983,-70.88100779999999",EkA1NjAwIFJ1ZSBGcm9udGVuYWMgQnVyZWF1IDIwMSwgTGFjLU3DqWdhbnRpYywgUUMgRzZCIDFINSwgQ2FuYWRhIiYaJAoWChQKEgklLPxmjUa3TBGyXDmUY2syqBIKQnVyZWF1IDIwMQ,subpremise,G6B 1H5,"5600, rue Frontenac Bureau 201 Lac-Mégantic (Quebec) G6B 1H5",1,OK,544.774
Nelligan,MNA,Monsef Derraji,Monsef,Derraji,,Parti libéral du Québec,Monsef.Derraji.NELL@assnat.qc.ca,legislature,1 581 628-1834,,constituency,"3535, boulevard Saint-Charles Bureau 400 Kirkland (Quebec) H9H 5B9",1 514 695-2440,80,"3535 Boulevard Saint-Charles Bureau 400, Kirkland, QC H9H 5B9, Canada",,45.4567986,-73.8617133,"45.4567986,-73.86171329999999",EkUzNTM1IEJvdWxldmFyZCBTYWludC1DaGFybGVzIEJ1cmVhdSA0MDAsIEtpcmtsYW5kLCBRQyBIOUggNUI5LCBDYW5hZGEiJhokChYKFAoSCR3TnNjtO8lMEeXkwgKRsutyEgpCdXJlYXUgNDAw,subpremise,H9H 5B9,"3535, boulevard Saint-Charles Bureau 400 Kirkland (Quebec) H9H 5B9",1,OK,611.107
Nicolet-Bécancour,MNA,Donald Martel,Donald,Martel,,Coalition avenir Québec,Donald.Martel.NICO@assnat.qc.ca,legislature,1 581 628-1849,,constituency,"625, avenue Godefroy Bureau 202 Bécancour (Quebec) G9H 1S3",1 819 233-3521,81,"625 Avenue Godefroy Bureau 202, Bécancour, QC G9H 1S4, Canada",,46.2973355,-72.5387638,"46.2973355,-72.5387638",Ej42MjUgQXZlbnVlIEdvZGVmcm95IEJ1cmVhdSAyMDIsIELDqWNhbmNvdXIsIFFDIEc5SCAxUzQsIENhbmFkYSImGiQKFgoUChIJL1XE2AnFx0wRZNCovSMTt3ISCkJ1cmVhdSAyMDI,subpremise,G9H 1S4,"625, avenue Godefroy Bureau 202 Bécancour (Quebec) G9H 1S3",1,OK,635.116
Notre-Dame-de-Grâce,MNA,Kathleen Weil,Kathleen,Weil,,Parti libéral du Québec,Kathleen.Weil.NDDG@assnat.qc.ca,legislature,1 581 628-1836,,constituency,"5252, boulevard De Maisonneuve Ouest Bureau 210 Montréal (Quebec) H4A 3S5",1 514 489-7581,82,"5252 Boulevard de Maisonneuve O Bureau 210, Montréal, QC H4A 3S5, Canada",,45.473354,-73.604638,"45.473354,-73.604638",Ekk1MjUyIEJvdWxldmFyZCBkZSBNYWlzb25uZXV2ZSBPIEJ1cmVhdSAyMTAsIE1vbnRyw6lhbCwgUUMgSDRBIDNTNSwgQ2FuYWRhIiYaJAoWChQKEgm_w2_ApBDJTBGSmIdqItpl7xIKQnVyZWF1IDIxMA,subpremise,H4A 3S5,"5252, boulevard De Maisonneuve Ouest Bureau 210 Montréal (Quebec) H4A 3S5",1,OK,588.724
Orford,MNA,Gilles Bélanger,Gilles,Bélanger,,Coalition avenir Québec,Gilles.Belanger.ORFO@assnat.qc.ca,legislature,1 418 644-3944,,constituency,"343, rue Principale Ouest Magog (Quebec) J1X 2B1",1 819 847-3911,83,"343 Rue Principale O, Magog, QC J1X 2B1, Canada",,45.266097,-72.152119,"45.26609699999999,-72.152119",ChIJB79D-fI3tkwRKwae1OKkL4M,street_address,J1X 2B1,"343, rue Principale Ouest Magog (Quebec) J1X 2B1",1,OK,482.09
Papineau,MNA,Mathieu Lacombe,Mathieu,Lacombe,,Coalition avenir Québec,Mathieu.Lacombe.PAPI@assnat.qc.ca,legislature,1 418 643-2181,,constituency,"564, avenue de Buckingham Gatineau (Quebec) J8L 2H1",1 819 986-9300,84,"564 Ave. de Buckingham, Gatineau, QC J8L 2H1, Canada",,45.5853575,-75.4157408,"45.5853575,-75.4157408",ChIJx8oXBS8-zkwRJeOJA1ZKkKU,street_address,J8L 2H1,"564, avenue de Buckingham Gatineau (Quebec) J8L 2H1",1,OK,752.143
Pointe-aux-Trembles,MNA,Chantal Rouleau,Chantal,Rouleau,,Coalition avenir Québec,Chantal.Rouleau.PAT@assnat.qc.ca,legislature,1 418 643-6980,,constituency,"500, boulevard Saint-Jean-Baptiste Bureau 100 Montréal (Quebec) H1B 3Z7",1 514 640-9085,85,"500 Boulevard Saint-Jean-Baptiste bureau 100, Pointe-aux-Trembles, QC H1B 3Z7, Canada",,45.6398698,-73.490791,"45.6398698,-73.490791",ChIJ__-zAELiyEwRaViizhFJJsI,subpremise,H1B 3Z7,"500, boulevard Saint-Jean-Baptiste Bureau 100 Montréal (Quebec) H1B 3Z7",1,OK,603.961
Pontiac,MNA,André Fortin,André,Fortin,,Parti libéral du Québec,Andre.Fortin.PONT@assnat.qc.ca,legislature,1 418 643-1275,,constituency,"Les Galeries Aylmer 181, rue Principale Bureau A1 Gatineau (Quebec) J9H 6A6",1 819 648-7070,86,"181 Rue Principale, Gatineau, QC J9H 6A6, Canada",,45.3966667,-75.8363889,"45.3966667,-75.8363889",ChIJ22Fo7YwBzkwRJFUt8Had2FY,"establishment,point_of_interest,shopping_mall",J9H 6A6,"Les Galeries Aylmer 181, rue Principale Bureau A1 Gatineau (Quebec) J9H 6A6",1,OK,704.87
Portneuf,MNA,Vincent Caron,Vincent,Caron,,Coalition avenir Québec,Vincent.Caron.PORT@assnat.qc.ca,legislature,1 418 644-1473,,constituency,"118, rue Saint-Pierre Saint-Raymond (Quebec) G3L 1P6",1 418 337-4378,87,"118 Rue Saint Pierre, Saint-Raymond, QC G3L 1P5, Canada",,46.8884273,-71.8358168,"46.8884273,-71.8358168",ChIJS5wGfW5px0wR-kTP_KEeY2Y,premise,G3L 1P5,"118, rue Saint-Pierre Saint-Raymond (Quebec) G3L 1P6",1,OK,737.728
Prévost,MNA,Marguerite Blais,Marguerite,Blais,,Coalition avenir Québec,marguerite.blais.prev@assnat.qc.ca,legislature,1 418 266-7191,,constituency,"2894, boulevard du Curé-Labelle Bureau 101 Prévost (Quebec) J0R 1T0",1 450 224-4359,88,"2894 Boulevard du Curé-Labelle Bureau 101, Prévost, QC J0R 1T0, Canada",,45.8595542,-74.0704553,"45.8595542,-74.07045529999999",EkgyODk0IEJvdWxldmFyZCBkdSBDdXLDqS1MYWJlbGxlIEJ1cmVhdSAxMDEsIFByw6l2b3N0LCBRQyBKMFIgMVQwLCBDYW5hZGEiJhokChYKFAoSCTV8XW0gLs9MEXMSlOiCczeOEgpCdXJlYXUgMTAx,subpremise,J0R 1T0,"2894, boulevard du Curé-Labelle Bureau 101 Prévost (Quebec) J0R 1T0",1,OK,650.047
René-Lévesque,MNA,Martin Ouellet,Martin,Ouellet,,Parti québécois,Martin.Ouellet.RELE@assnat.qc.ca,legislature,1 581 628-1002,,constituency,"852, rue Bossé Baie-Comeau (Quebec) G5C 1L6",1 418 295-4001,89,"852 Rue Bossé, Baie-Comeau, QC G5C 1L6, Canada",,49.1930897,-68.2583568,"49.1930897,-68.2583568",ChIJbfc6yY0LlEwRBPEI7KwmXy8,subpremise,G5C 1L6,"852, rue Bossé Baie-Comeau (Quebec) G5C 1L6",1,OK,1136.133
Repentigny,MNA,Lise Lavallée,Lise,Lavallée,,Coalition avenir Québec,Lise.Lavallee.REPE@assnat.qc.ca,legislature,1 418 263-0612,,constituency,"522, rue Notre-Dame Bureau 102 Repentigny (Quebec) J6A 2T8",1 450 581-6102,90,"522 Rue Notre-Dame Bureau 102, Repentigny, QC J6A 2T8, Canada",,45.7420355,-73.4411315,"45.7420355,-73.4411315",Ej01MjIgUnVlIE5vdHJlLURhbWUgQnVyZWF1IDEwMiwgUmVwZW50aWdueSwgUUMgSjZBIDJUOCwgQ2FuYWRhIiYaJAoWChQKEgnpn0L5xuXITBFt-ylg31bYZBIKQnVyZWF1IDEwMg,subpremise,J6A 2T8,"522, rue Notre-Dame Bureau 102 Repentigny (Quebec) J6A 2T8",1,OK,621.006
Richelieu,MNA,Jean-Bernard Émond,Jean-Bernard,Émond,,Coalition avenir Québec,Jean-Bernard.Emond.RICL@assnat.qc.ca,legislature,1 418 263-0660,,constituency,"50, rue du Roi Bureau 100 Sorel-Tracy (Quebec) J3P 4M7",1 450 742-3781,91,"50 Rue du Roi Bureau 100, Sorel-Tracy, QC J3P 4M7, Canada",,46.0445814,-73.1164975,"46.0445814,-73.1164975",Ejk1MCBSdWUgZHUgUm9pIEJ1cmVhdSAxMDAsIFNvcmVsLVRyYWN5LCBRQyBKM1AgNE03LCBDYW5hZGEiJhokChYKFAoSCSnqogedhchMEfuRe1hFg_ApEgpCdXJlYXUgMTAw,subpremise,J3P 4M7,"50, rue du Roi Bureau 100 Sorel-Tracy (Quebec) J3P 4M7",1,OK,630.631
Richmond,MNA,André Bachand,André,Bachand,,Coalition avenir Québec,Andre.Bachand.RICM@assnat.qc.ca,constituency,1 819 879-1104,,," 192, rue du Roi Asbestos (Quebec) J1T 1S3",,92,"192 Rue du Roi, Asbestos, QC J1T 1S3, Canada",,45.7756312,-71.9364425,"45.7756312,-71.9364425",ChIJUwuOzMnut0wRg74oaPvmZZE,street_address,J1T 1S3," 192, rue du Roi Asbestos (Quebec) J1T 1S3",1,OK,549.732
Rimouski,MNA,Harold LeBel,Harold,LeBel,,Parti québécois,Harold.Lebel.RIMO@assnat.qc.ca,legislature,1 581 628-1017,,constituency,"320, rue Saint-Germain Est Bureau 400 Rimouski (Quebec) G5L 1C2",1 418 722-9787,93,"320 Rue Saint Germain E Bureau 400, Rimouski, QC G5L 1C2, Canada",,48.4598051,-68.5180768,"48.4598051,-68.5180768",ChIJ-f-vFOrZlUwRH6FqRkBKJj4,subpremise,G5L 1C2,"320, rue Saint-Germain Est Bureau 400 Rimouski (Quebec) G5L 1C2",1,OK,1014.33
Rivière-du-Loup-Témiscouata,MNA,Denis Tardif,Denis,Tardif,,Coalition avenir Québec,Denis.Tardif.RDLT@assnat.qc.ca,legislature,1 581 628-1846,,constituency,"320, boulevard de l’Hôtel-de-Ville Bureau 105 Rivière-du-Loup (Quebec) G5R 5C6",1 418 868-0822,94,"320, boul. de l'Hôtel de Ville #200, Rivière-du-Loup, QC G5R 5C6, Canada",,47.8215211,-69.5580841,"47.8215211,-69.5580841",ChIJYzx6ZThHvkwRWO2ah4LUyu4,"establishment,finance,health,insurance_agency,point_of_interest",G5R 5C6,"320, boulevard de l’Hôtel-de-Ville Bureau 105 Rivière-du-Loup (Quebec) G5R 5C6",1,OK,903.501
Robert-Baldwin,MNA,Carlos J. Leitão,Carlos J.,Leitão,,Parti libéral du Québec,CarlosJ.Leitao.ROBA@assnat.qc.ca,legislature,1 581 628-1848,,constituency,"3869, boulevard des Sources Bureau 203 Dollard-des-Ormeaux (Quebec) H9B 2A2",1 514 684-9000,95,"3869 Boulevard des Sources Bureau 203, Dollard-des-Ormeaux, QC H9B 2A2, Canada",,45.4911079,-73.8033567,"45.4911079,-73.8033567",Ek4zODY5IEJvdWxldmFyZCBkZXMgU291cmNlcyBCdXJlYXUgMjAzLCBEb2xsYXJkLWRlcy1Pcm1lYXV4LCBRQyBIOUIgMkEyLCBDYW5hZGEiJhokChYKFAoSCT-PbJyVPMlMEV51okbCwA45EgpCdXJlYXUgMjAz,subpremise,H9B 2A2,"3869, boulevard des Sources Bureau 203 Dollard-des-Ormeaux (Quebec) H9B 2A2",1,OK,605.851
Roberval,MNA,Nancy Guillemette,Nancy,Guillemette,,Coalition avenir Québec,Nancy.Guillemette.ROBE@assnat.qc.ca,legislature,1 418 266-1101 x72107,,constituency,"729, boulevard St-Joseph Bureau 203 Roberval (Quebec) G8H 2L4",1 418 275-5050,96,"729 Boulevard Saint-Joseph Bureau 203, Roberval, QC G8H 2L4, Canada",,48.5157877,-72.2212342,"48.5157877,-72.2212342",EkM3MjkgQm91bGV2YXJkIFNhaW50LUpvc2VwaCBCdXJlYXUgMjAzLCBSb2JlcnZhbCwgUUMgRzhIIDJMNCwgQ2FuYWRhIiYaJAoWChQKEgkx-ClvcfnBTBHRPLsev37alBIKQnVyZWF1IDIwMw,subpremise,G8H 2L4,"729, boulevard St-Joseph Bureau 203 Roberval (Quebec) G8H 2L4",1,OK,950.557
Rosemont,MNA,Vincent Marissal,Vincent,Marissal,,Québec solidaire,Vincent.Marissal.ROSE@assnat.qc.ca,legislature,1 581 628-1845,,constituency,"3308, boulevard Rosemont Montréal (Quebec) H1X 1K2",1 514 593-7495,97,"3308 Boulevard Rosemont, Montréal, QC H1X 1K2, Canada",,45.5535457,-73.5798834,"45.5535457,-73.5798834",ChIJTa7bV1QZyUwRbQhIrsjHjgw,street_address,H1X 1K2,"3308, boulevard Rosemont Montréal (Quebec) H1X 1K2",1,OK,594.355
Rousseau,MNA,Louis-Charles Thouin,Louis-Charles,Thouin,,Coalition avenir Québec,Louis-Charles.Thouin.ROUS@assnat.qc.ca,legislature,1 418 263-0688,,constituency,"461, rue du Parc Saint-Lin-Laurentides (Quebec) J5M 3A2",1 450 302-4610,98,"461 Rue du Parc, Saint-Lin - Laurentides, QC J5M 3A2, Canada",,45.8517204,-73.753438,"45.8517204,-73.753438",Ejw0NjEgUnVlIGR1IFBhcmMsIFNhaW50LUxpbiAtIExhdXJlbnRpZGVzLCBRQyBKNU0gM0EyLCBDYW5hZGEiGxIZChQKEgmLAaRnoM_ITBFZkA2Nh7xdwxDNAw,street_address,J5M 3A2,"461, rue du Parc Saint-Lin-Laurentides (Quebec) J5M 3A2",1,OK,646.876
Rouyn-Noranda-Témiscamingue,MNA,Émilise Lessard-Therrien,Émilise,Lessard-Therrien,,Québec solidaire,Emilise.Lessard-Therrien.RNT@assnat.qc.ca,legislature,1 581 628-1851,,constituency,"Suite 103 170, avenue Principale Rouyn-Noranda (Quebec) J9X 4P7",1 819 763-3047,99,"103-170 Avenue Principale, Rouyn-Noranda, QC J9X 4P7, Canada",,48.238523,-79.0203864,"48.238523,-79.02038639999999",EjwxMDMtMTcwIEF2ZW51ZSBQcmluY2lwYWxlLCBSb3V5bi1Ob3JhbmRhLCBRQyBKOVggNFA3LCBDYW5hZGEiHxodChYKFAoSCcHVoq-eMyFNEcFDZDIzUBksEgMxMDM,subpremise,J9X 4P7,"Suite 103 170, avenue Principale Rouyn-Noranda (Quebec) J9X 4P7",1,OK,1215.028
Saint-François,MNA,Geneviève Hébert,Geneviève,Hébert,,Coalition avenir Québec,Genevieve.Hebert.SAFR@assnat.qc.ca,legislature,1 418 263-0703,,constituency,"373, rue King Est 2e étage, suite 203-B Sherbrooke (Quebec) J1G 1B4",1 819 565-3667,100,"373 Rue King E Suite 203-A, Sherbrooke, QC J1G 1A8, Canada",,45.4080437,-71.8808348,"45.4080437,-71.8808348",ChIJswPPfgezt0wRvvwKJofjYsg,subpremise,J1G 1A8,"373, rue King Est 2e étage, suite 203-B Sherbrooke (Quebec) J1G 1B4",1,OK,512.317
Saint-Henri-Sainte-Anne,MNA,Dominique Anglade,Dominique,Anglade,,Parti libéral du Québec,Dominique.Anglade.SHSA@assnat.qc.ca,legislature,1 418 643-2743,,constituency,"3269, rue Saint-Jacques Montréal (Quebec) H4C 1G8",1 514 933-8796,101,"3269 Rue Saint-Jacques, Montréal, QC H4C 1G8, Canada",,45.483014,-73.581135,"45.483014,-73.581135",ChIJf9mP0HYayUwRKejNrkpEnS4,street_address,H4C 1G8,"3269, rue Saint-Jacques Montréal (Quebec) H4C 1G8",1,OK,586.013
Saint-Hyacinthe,MNA,Chantal Soucy,Chantal,Soucy,,Coalition avenir Québec,Chantal.Soucy.SAHY@assnat.qc.ca,legislature,1 418 643-2810,,constituency,"2685, boulevard Casavant Ouest Bureau 215 Saint-Hyacinthe (Quebec) J2S 2B8",1 450 773-0550,102,"2685 Boulevard Casavant O Bureau 215, Saint-Hyacinthe, QC J2S 8B8, Canada",,45.6316924,-72.9696991,"45.6316924,-72.9696991",EkkyNjg1IEJvdWxldmFyZCBDYXNhdmFudCBPIEJ1cmVhdSAyMTUsIFNhaW50LUh5YWNpbnRoZSwgUUMgSjJTIDhCOCwgQ2FuYWRhIiYaJAoWChQKEgmpLdSfEU7ITBHEc4dsVGJMuhIKQnVyZWF1IDIxNQ,subpremise,J2S 8B8,"2685, boulevard Casavant Ouest Bureau 215 Saint-Hyacinthe (Quebec) J2S 2B8",1,OK,583.58
Saint-Jean,MNA,Louis Lemieux,Louis,Lemieux,,Coalition avenir Québec,Louis.Lemieux.SAJE@assnat.qc.ca,legislature,1 418 644-1463,,constituency,"188, rue Longueuil Saint-Jean-sur-Richelieu (Quebec) J3B 6P1",1 450 346-3040,103,"188 Rue Longueuil, Saint-Jean-sur-Richelieu, QC J3B 6P1, Canada",,45.3057058,-73.2549531,"45.3057058,-73.2549531",ChIJqbxw6E-iyUwRBE9FDtMahQo,street_address,J3B 6P1,"188, rue Longueuil Saint-Jean-sur-Richelieu (Quebec) J3B 6P1",1,OK,547.612
Saint-Jérôme,MNA,Youri Chassin,Youri,Chassin,,Coalition avenir Québec,Youri.Chassin.STJE@assnat.qc.ca,legislature,1 581 628-1174,,constituency,"227, rue Saint-Georges Bureau 205 Saint-Jérôme (Quebec) J7Z 5A1",1 450 569-7436,104,"227 Rue Saint Georges Bureau 205, Saint-Jérôme, QC J7Z 5A1, Canada",,45.7744566,-74.0025385,"45.7744566,-74.0025385",EkQyMjcgUnVlIFNhaW50IEdlb3JnZXMgQnVyZWF1IDIwNSwgU2FpbnQtSsOpcsO0bWUsIFFDIEo3WiA1QTEsIENhbmFkYSImGiQKFgoUChIJ0YuaOqcsz0wR2HaA4M8CQxUSCkJ1cmVhdSAyMDU,subpremise,J7Z 5A1,"227, rue Saint-Georges Bureau 205 Saint-Jérôme (Quebec) J7Z 5A1",1,OK,639.65
Saint-Laurent,MNA,Marwah Rizqy,Marwah,Rizqy,,Parti libéral du Québec,Marwah.Rizqy.STLO@assnat.qc.ca,legislature,1 581 628-1844,,constituency,"3e étage 5255, boulevard Henri-Bourassa Ouest Bureau 312 Saint-Laurent (Quebec) H4R 2M6",1 514 747-4050,105,"5255 Boul Henri-Bourassa O #208, Saint-Laurent, QC H4R 2M6, Canada",,45.5211313,-73.7106105,"45.5211313,-73.7106105",ChIJA5DVyAEYyUwRKUJkPKVaEHs,"establishment,point_of_interest",H4R 2M6,"3e étage 5255, boulevard Henri-Bourassa Ouest Bureau 312 Saint-Laurent (Quebec) H4R 2M6",1,OK,598.064
Sainte-Marie-Saint-Jacques,MNA,Manon Massé,Manon,Massé,,Québec solidaire,Manon.Masse.SMSJ@assnat.qc.ca,legislature,1 418 644-1632,,constituency,"533, rue Ontario Est Bureau 330 Montréal (Quebec) H2L 1N8",1 514 525-2501,106,"533 Rue Ontario E Bureau 330, Montréal, QC H2L 1N8, Canada",,45.517564,-73.5645847,"45.517564,-73.5645847",ChIJx6FVYrQbyUwReSOAeyt5UfA,subpremise,H2L 1N8,"533, rue Ontario Est Bureau 330 Montréal (Quebec) H2L 1N8",1,OK,589.145
Sainte-Rose,MNA,Christopher Skeete,Christopher,Skeete,,Coalition avenir Québec,Christopher.Skeete.SARO@assnat.qc.ca,legislature,1 418 263-0619,,constituency,"132, boulevard Sainte-Rose Laval (Quebec) H7L 1K4",1 450 963-8272,107,"132 Boulevard Sainte-Rose, Laval, QC H7L 2N4, Canada",,45.6170476,-73.7820474,"45.6170476,-73.7820474",ChIJAUuEp-cmyUwRsB4W1sYOO88,premise,H7L 2N4,"132, boulevard Sainte-Rose Laval (Quebec) H7L 1K4",1,OK,613.779
Sanguinet,MNA,Danielle McCann,Danielle,McCann,,Coalition avenir Québec,,legislature,1 418 781-6500,,,"223, rue Sainte-Catherine Bureau 100-200 Saint-Constant (Quebec) J5A 2H3",,108,"223 Rue Sainte-Catherine Bureau 100-200, Saint-Constant, QC J5A 1R5, Canada",,45.3847088,-73.5864276,"45.3847088,-73.5864276",EksyMjMgUnVlIFNhaW50ZS1DYXRoZXJpbmUgQnVyZWF1IDEwMC0yMDAsIFNhaW50LUNvbnN0YW50LCBRQyBKNUEgMVI1LCBDYW5hZGEiKhooChYKFAoSCQWw8w0TEslMEa57uavjfN68Eg5CdXJlYXUgMTAwLTIwMA,subpremise,J5A 1R5,"223, rue Sainte-Catherine Bureau 100-200 Saint-Constant (Quebec) J5A 2H3",1,OK,586.025
Sherbrooke,MNA,Christine Labrie,Christine,Labrie,,Québec solidaire,Christine.Labrie.SHER@assnat.qc.ca,legislature,1 581 628-1833,,constituency,"230, rue King Ouest Bureau 301 Sherbrooke (Quebec) J1H 1P9",1 819 569-5646,109,"230 Rue King Ouest Bureau 301, Sherbrooke, QC J1H 1P9, Canada",,45.3998932,-71.8925176,"45.3998932,-71.89251759999999",Ej0yMzAgUnVlIEtpbmcgT3Vlc3QgQnVyZWF1IDMwMSwgU2hlcmJyb29rZSwgUUMgSjFIIDFQOSwgQ2FuYWRhIiYaJAoWChQKEgmRwxwwELO3TBFqAuMAh936VxIKQnVyZWF1IDMwMQ,subpremise,J1H 1P9,"230, rue King Ouest Bureau 301 Sherbrooke (Quebec) J1H 1P9",1,OK,502.996
Soulanges,MNA,Marilyne Picard,Marilyne,Picard,,Coalition avenir Québec,Marilyne.Picard.SOUL@assnat.qc.ca,legislature,1 581 628-1859,,constituency,"607, route 201 Saint-Clet (Quebec) J0P 1S0",1 450 456-3816,110,"607 QC-201, Saint-Clet, QC J0P 1S0, Canada",,45.3530751,-74.2244453,"45.3530751,-74.2244453",ChIJfTDKObO0zkwRsq5Z52-w8Rk,street_address,J0P 1S0,"607, route 201 Saint-Clet (Quebec) J0P 1S0",1,OK,646.313
Taillon,MNA,Lionel Carmant,Lionel,Carmant,,Coalition avenir Québec,Lionel.Carmant.TAIL@assnat.qc.ca,legislature,1 418 266-7181,,constituency,"498, boulevard Roland-Therrien Longueuil (Quebec) J4H 3V9",1 450 463-3772,111,"498 Boulevard Roland-Therrien, Longueuil, QC J4H 3V9, Canada",,45.545751,-73.493366,"45.545751,-73.493366",ChIJi_D5KqEcyUwRf-1hDZ4udmY,street_address,J4H 3V9,"498, boulevard Roland-Therrien Longueuil (Quebec) J4H 3V9",1,OK,589.304
Taschereau,MNA,Catherine Dorion,Catherine,Dorion,,Québec solidaire,Catherine.Dorion.TASC@assnat.qc.ca,legislature,1 581 628-1858,,constituency,"275, rue du Parvis Bureau 300 Québec (Quebec) G1K 6G7",1 418 646-6090,112,"275 Rue du Parvis Bureau 300, Québec, QC G1K 6G7, Canada",,46.8164648,-71.224575,"46.8164648,-71.224575",EjkyNzUgUnVlIGR1IFBhcnZpcyBCdXJlYXUgMzAwLCBRdcOpYmVjLCBRQyBHMUsgNkc3LCBDYW5hZGEiJhokChYKFAoSCa9sdFhylrhMEQCF0OqKIJEaEgpCdXJlYXUgMzAw,subpremise,G1K 6G7,"275, rue du Parvis Bureau 300 Québec (Quebec) G1K 6G7",1,OK,734.352
Terrebonne,MNA,Pierre Fitzgibbon,Pierre,Fitzgibbon,,Coalition avenir Québec,Pierre.Fitzgibbon.TERR@assnat.qc.ca,legislature,1 418 691-5650,,constituency,"3455, boulevard de la Pinière local 101 Terrebonne (Quebec) J6X 0A1",1 450 964-3553,113,"3455 Boulevard de la Pinière local 101, Terrebonne, QC J6X 3M8, Canada",,45.7241074,-73.6784918,"45.7241074,-73.6784918",EkczNDU1IEJvdWxldmFyZCBkZSBsYSBQaW5pw6hyZSBsb2NhbCAxMDEsIFRlcnJlYm9ubmUsIFFDIEo2WCAzTTgsIENhbmFkYSIlGiMKFgoUChIJLaIQaajeyEwRuiQ0VqOKFBsSCWxvY2FsIDEwMQ,subpremise,J6X 3M8,"3455, boulevard de la Pinière local 101 Terrebonne (Quebec) J6X 0A1",1,OK,619.308
Trois-Rivières,MNA,Jean Boulet,Jean,Boulet,,Coalition avenir Québec,Jean.Boulet.TRRI@assnat.qc.ca,legislature,1 418 643-4810,,constituency,"1500, rue Royale Bureau 180 Trois-Rivières (Quebec) G9A 6E6",1 819 371-6901,114,"1500 Rue Royale Bureau 180, Trois-Rivières, QC G9A 2H6, Canada",,46.3422014,-72.5446102,"46.34220140000001,-72.5446102",EjcxNTAwIFJ1ZSBSb3lhbGUgQnVyZWF1IDE4MCwgVHJvaXMtUml2acOocmVzLCBRQywgQ2FuYWRhIiYaJAoWChQKEgkRPa2DAcbHTBHWWXD8kYwWyRIKQnVyZWF1IDE4MA,subpremise,G9A 2H6,"1500, rue Royale Bureau 180 Trois-Rivières (Quebec) G9A 6E6",1,OK,644.343
Ungava,MNA,Denis Lamothe,Denis,Lamothe,,Coalition avenir Québec,Denis.Lamothe.UNGA@assnat.qc.ca,legislature,1 418 644-1363,,constituency,"462, 3e Rue Bureau 12 Chibougamau (Quebec) G8P 1N7",1 418 748-6046,115,"462 3e Rue Bureau 12, Chibougamau, QC G8P 1N7, Canada",,49.9135003,-74.3617801,"49.9135003,-74.36178009999999",EjU0NjIgM2UgUnVlIEJ1cmVhdSAxMiwgQ2hpYm91Z2FtYXUsIFFDIEc4UCAxTjcsIENhbmFkYSIlGiMKFgoUChIJd0IrynT15kwRkRR25VZK0RASCUJ1cmVhdSAxMg,subpremise,G8P 1N7,"462, 3e Rue Bureau 12 Chibougamau (Quebec) G8P 1N7",1,OK,1206.656
Vachon,MNA,Ian Lafrenière,Ian,Lafrenière,,Coalition avenir Québec,Ian.Lafreniere.VACHON@assnat.qc.ca,legislature,1 418 528-8407,,constituency,"5610, chemin de Chambly Saint-Hubert (Quebec) J3Y 7E5",1 450 676-5086,116,"5610 Chemin de Chambly, Saint-Hubert, QC J3Y 3P8, Canada",,45.50186,-73.4152714,"45.50186,-73.4152714",ChIJhwEmnTcEyUwRHUMLtWv7BFw,premise,J3Y 3P8,"5610, chemin de Chambly Saint-Hubert (Quebec) J3Y 7E5",1,OK,581.135
Vanier-Les Rivières,MNA,Mario Asselin,Mario,Asselin,,Coalition avenir Québec,Mario.Asselin.VANI@assnat.qc.ca,legislature,1 418 643-7719,,constituency,"1170, boulevard Lebourgneuf Bureau 311 Québec (Quebec) G2K 2E3",1 418 644-3107,117,"1170 Boulevard Lebourgneuf #311, Québec, QC G2K 2E3, Canada",,46.8363781,-71.2924544,"46.8363781,-71.2924544",ChIJAQBAT-mXuEwRn0bctveSJ6E,subpremise,G2K 2E3,"1170, boulevard Lebourgneuf Bureau 311 Québec (Quebec) G2K 2E3",1,OK,729.625
Vaudreuil,MNA,Marie-Claude Nichols,Marie-Claude,Nichols,,Parti libéral du Québec,Marie-Claude.Nichols.VAUD@assnat.qc.ca,legislature,1 418 646-7623,,constituency,"416, boulevard Harwood Vaudreuil-Dorion (Quebec) J7V 7H4",1 450 424-6666,118,"416 Boulevard Harwood, Vaudreuil-Dorion, QC J7V, Canada",,45.378504,-74.0193479,"45.378504,-74.0193479",EjM0MTYgQm91bGV2YXJkIEhhcndvb2QsIFZhdWRyZXVpbC1Eb3Jpb24sIFFDLCBDYW5hZGEiGxIZChQKEgkHGGnPGUjJTBGxpLDTgN0g8xCgAw,street_address,J7V,"416, boulevard Harwood Vaudreuil-Dorion (Quebec) J7V 7H4",1,OK,630.66
Verchères,MNA,Suzanne Dansereau,Suzanne,Dansereau,,Coalition avenir Québec,Suzanne.Dansereau.VERC@assnat.qc.ca,legislature,1 581 628-1026,,constituency,"1625, boulevard Lionel-Boulet Bureau 103 Varennes (Quebec) J3X 1P7",1 450 652-4419,119,"1625 Boulevard Lionel-Boulet Bureau 103, Varennes, QC J3X 1P7, Canada",,45.6252063,-73.38107,"45.62520629999999,-73.38107",EkUxNjI1IEJvdWxldmFyZCBMaW9uZWwtQm91bGV0IEJ1cmVhdSAxMDMsIFZhcmVubmVzLCBRQyBKM1ggMVA3LCBDYW5hZGEiJhokChYKFAoSCXVBZeUM_chMER6b86bo-uDeEgpCdXJlYXUgMTAz,subpremise,J3X 1P7,"1625, boulevard Lionel-Boulet Bureau 103 Varennes (Quebec) J3X 1P7",1,OK,593.804
Verdun,MNA,Isabelle Melançon,Isabelle,Melançon,,Parti libéral du Québec,Isabelle.Melancon.VERD@assnat.qc.ca,legislature,1 581 628-1860,,constituency,"4110, rue Wellington Bureau 301 Verdun (Quebec) H4G 1V7",1 514 766-7503,120,"4110 Rue Wellington Bureau 301, Verdun, QC H4G 1V7, Canada",,45.4625059,-73.5668803,"45.4625059,-73.56688030000001",Ejo0MTEwIFJ1ZSBXZWxsaW5ndG9uIEJ1cmVhdSAzMDEsIFZlcmR1biwgUUMgSDRHIDFWNywgQ2FuYWRhIiYaJAoWChQKEglFOsglZBDJTBGcs2mxOc9T6hIKQnVyZWF1IDMwMQ,subpremise,H4G 1V7,"4110, rue Wellington Bureau 301 Verdun (Quebec) H4G 1V7",1,OK,584.791
Viau,MNA,Frantz Benjamin,Frantz,Benjamin,,Parti libéral du Québec,Frantz.Benjamin.VIAU@assnat.qc.ca,legislature,1 581 628-1812,,constituency,"3333, Jarry Est Bureau 202 Montréal (Quebec) H1Z 2E5",1 514 728-2474,121,"3333 Rue Jarry E #200, Montréal, QC H1Z 2E5, Canada",,45.5649218,-73.6094955,"45.56492180000001,-73.6094955",ChIJSbqn9M0eyUwRzdxTttMdZ-w,"establishment,gym,health,point_of_interest",H1Z 2E5,"3333, Jarry Est Bureau 202 Montréal (Quebec) H1Z 2E5",1,OK,602.533
Vimont,MNA,Jean Rousselle,Jean,Rousselle,,Parti libéral du Québec,Jean.Rousselle.VIMO@assnat.qc.ca,legislature,1 418 644-0877,,constituency,"4650, boulevard des Laurentides Bureau 415 Laval (Quebec) H7K 2J4",1 450 628-9269,122,"4650 Boulevard des Laurentides Bureau 415, Laval, QC H7K 2J4, Canada",,45.6156859,-73.7407579,"45.6156859,-73.74075789999999",EkQ0NjUwIEJvdWxldmFyZCBkZXMgTGF1cmVudGlkZXMgQnVyZWF1IDQxNSwgTGF2YWwsIFFDIEg3SyAySjQsIENhbmFkYSImGiQKFgoUChIJnR-IKSYhyUwRFq89TpJRBWsSCkJ1cmVhdSA0MTU,subpremise,H7K 2J4,"4650, boulevard des Laurentides Bureau 415 Laval (Quebec) H7K 2J4",1,OK,613.023
Westmount-Saint-Louis,MNA,Jennifer Maccarone,Jennifer,Maccarone,,Parti libéral du Québec,Jennifer.Maccarone.WSL@assnat.qc.ca,legislature,1 581 628-1843,,constituency,"1134, rue Sainte-Catherine Ouest, 8e étage Bureau 801 Montréal (Quebec) H3B 1H4",1 514 395-2929,123,"1134 Rue Sainte-Catherine O 8e étage Bureau 801, Montréal, QC H3B 1H5, Canada",,45.49944,-73.5732376,"45.49944,-73.5732376",EkcxMTM0IFJ1ZSBTYWludGUtQ2F0aGVyaW5lIE8gOGUgw6l0YWdlIEJ1cmVhdSA4MDEsIE1vbnRyw6lhbCwgUUMsIENhbmFkYSIwGi4KFgoUChIJiSNezUMayUwR4BMZ9THIWgwSFDhlIMOpdGFnZSBCdXJlYXUgODAx,subpremise,H3B 1H5,"1134, rue Sainte-Catherine Ouest, 8e étage Bureau 801 Montréal (Quebec) H3B 1H4",1,OK,587.771
Îles-de-la-Madeleine,MNA,Joël Arseneau,Joël,Arseneau,,Parti québécois,Joel.Arseneau.IDLM@assnat.qc.ca,legislature,1 418 644-1454,,constituency,"625, Chemin Principal Cap-aux-Meules (Quebec) G4T 1G3",1 418 986-4140,124,"625 Chemin Principal, Cap-aux-Meules, QC G4T, Canada",,47.3726728,-61.8787976,"47.3726728,-61.87879759999999",EjA2MjUgQ2hlbWluIFByaW5jaXBhbCwgQ2FwLWF1eC1NZXVsZXMsIFFDLCBDYW5hZGEiGxIZChQKEgmRySHM3wthSxGN8R2KTUCduxDxBA,street_address,G4T,"625, Chemin Principal Cap-aux-Meules (Quebec) G4T 1G3",1,OK,1300.91
